model,event_trading_date,n,mae,rmse,mean_y_true,mean_y_pred
Full Model,2025-07-31,38,0.008722938488455482,0.010437359020285659,0.02602467791324379,0.019073486789473685
Full Model,2025-08-01,56,0.009339152842177564,0.011991165504693764,0.02270971175416234,0.017008859151785714
Full Model,2025-08-04,93,0.007988689079231186,0.009627906006108734,0.020052293400650657,0.01624989321505376
Full Model,2025-08-05,64,0.007556391348931356,0.00844501756565304,0.017234828395885367,0.01774483915625
Full Model,2025-08-06,43,0.0071782035769553925,0.008372791503726463,0.018395411998553286,0.017397729220930233
Full Model,2025-08-07,84,0.007601933555448826,0.009295110285706377,0.021382174421367854,0.016472462083333337
Full Model,2025-08-08,52,0.008298560296316121,0.01008059411760047,0.02204600044597795,0.018199165317307694
Full Model,2025-08-11,66,0.008064770670968899,0.010323343898582315,0.0204010240197407,0.016747042848484852
Full Model,2025-08-12,89,0.009653689057403863,0.010967636488754243,0.02237273580290037,0.018499923702247192
Full Model,2025-08-13,91,0.009475292729656557,0.012826254753474105,0.02444609407601608,0.018485476565934068
Full Model,2025-08-14,95,0.009605397154648362,0.012337346952612476,0.023455602744300075,0.01675742752105263
Full Model,2025-08-15,86,0.013753022558025461,0.017709544561472584,0.02891002045294569,0.017067071767441856
Full Model,2025-08-18,83,0.019231683647084996,0.02607298242236898,0.03491221956280336,0.017135707692771087
Full Model,2025-08-19,50,0.02725803227720577,0.032304500128957254,0.04020799636840816,0.01363513752
Full Model,2025-08-20,40,0.023632066867222804,0.027679589439097093,0.03783446820452806,0.0151162841875
Full Model,2025-08-21,58,0.020964860158708836,0.023593566124824453,0.03664916458314859,0.017137201948275865
Full Model,2025-08-22,42,0.017642805649431784,0.02173682743875526,0.027782208774061394,0.015499796369047617
Full Model,2025-08-25,76,0.006945519006706668,0.008913017536601883,0.022652441476422664,0.02108141126973685
Full Model,2025-08-26,69,0.0063860311879885,0.007393565473125991,0.016923747862270726,0.021061700855072467
Full Model,2025-08-27,117,0.010381346320767452,0.013132904340247676,0.02378928370805628,0.021765849076923083
Full Model,2025-08-28,96,0.01018636457478313,0.011868801183896062,0.021611958686359335,0.01944742071875
Full Model,2025-08-29,216,0.011317974517779715,0.013783110367187353,0.025899308216240625,0.02101128105787037
Full Model,2025-09-03,140,0.008190062057553451,0.010910024951787835,0.023662234260700587,0.019705558067857145
Full Model,2025-09-04,59,0.009522700703803618,0.011627910444233966,0.02243107277110719,0.019699538237288136
Full Model,2025-09-05,82,0.009785564708850189,0.011582356293977799,0.024520005079599543,0.019204082243902444
Full Model,2025-09-08,65,0.005933388706626288,0.007729338706692974,0.017405288458730125,0.01997859435384615
Full Model,2025-09-09,71,0.006310025101662981,0.007486510929306438,0.015949858503389903,0.018177758323943662
Full Model,2025-09-10,24,0.004612702902885875,0.007845769422566137,0.01925560866948211,0.0186551479375
Full Model,2025-09-11,38,0.007347548021850693,0.0086064766692927,0.014074166869058385,0.015913891592105264
Full Model,2025-09-12,61,0.00807916352398552,0.010427808822564917,0.01751727308146651,0.016202256622950818
Full Model,2025-09-15,53,0.0068473288066843215,0.007834165732762945,0.012974150654561067,0.0168899120754717
Full Model,2025-09-16,51,0.0050708800183302885,0.008945720104047995,0.016258406014565116,0.01568464694117647
Full Model,2025-09-17,45,0.005511486654138391,0.006533611801287028,0.017092690947982946,0.015232819884444443
Full Model,2025-09-18,53,0.007716322822488018,0.00881578136062644,0.016482999539529895,0.019596276141509432
Full Model,2025-09-19,53,0.005098139670295262,0.006568254457563377,0.018907077074542877,0.019794200867924525
Full Model,2025-09-22,58,0.006962169990306289,0.008320855955839536,0.015488993248035115,0.01834474175
Full Model,2025-09-23,31,0.00822489270357883,0.010337308415278319,0.019436202132173074,0.020211155887096776
Full Model,2025-09-24,42,0.00710305309026364,0.008435510910087506,0.011906958417966917,0.017367931607142856
Full Model,2025-09-25,39,0.0052432127263384795,0.006952965866915414,0.013942318311772995,0.016636336692307695
Full Model,2025-09-26,50,0.004879674081192591,0.006170968376724051,0.014641798827797137,0.01572531332
Full Model,2025-09-29,68,0.012105013975570617,0.014897488088898512,0.02591773210202941,0.01576520823088235
Full Model,2025-09-30,47,0.00883434422135946,0.01084466818355324,0.023819446266490046,0.016748303117021277
Full Model,2025-10-01,45,0.008210084791445891,0.009710541713223384,0.020093327822784533,0.01734980411111111
Full Model,2025-10-02,54,0.011037853543909992,0.013320682112792382,0.024621142992853232,0.01626610772222222
Full Model,2025-10-03,44,0.006856636376450977,0.008012180926275786,0.022036644905297543,0.01825515718181818
Full Model,2025-10-06,63,0.008311709798392934,0.010302980691492495,0.020151723834079836,0.02084739747619047
Full Model,2025-10-07,46,0.004707785676912491,0.006226350398743031,0.014874568836682468,0.017025797684782608
Full Model,2025-10-08,52,0.006727782130773596,0.009050677482179572,0.01686826635761037,0.014413067365384615
Full Model,2025-10-09,41,0.005311064080463143,0.007345069238882646,0.01606979787849429,0.016086252219512192
Full Model,2025-10-10,52,0.008727189314300327,0.011200460836588358,0.020600084407935596,0.017297111057692306
Full Model,2025-10-13,40,0.01752990775529685,0.021288838247022664,0.03214684617705639,0.015804419899999998
Full Model,2025-10-14,45,0.021498118415489178,0.023567366920022537,0.03828169517219062,0.01682897553333334
Full Model,2025-10-15,54,0.016997650675501554,0.019459771466817828,0.036122601168851014,0.019898103685185183
Full Model,2025-10-16,62,0.014248130229732122,0.01711108001704387,0.03185821052700758,0.01804003325806451
Full Model,2025-10-17,55,0.014269066984184165,0.016702271140480306,0.031015138107944578,0.017512538
Full Model,2025-10-20,65,0.008750314372100066,0.011372940208214796,0.02243951394652513,0.018460659369230772
Full Model,2025-10-21,47,0.010093967564515815,0.012432065713058268,0.025770465253872086,0.020151808957446806
Full Model,2025-10-22,45,0.007016917817288224,0.00852939042545513,0.019319541048672405,0.01851785451111111
Full Model,2025-10-23,45,0.008462073637813634,0.010524135004897166,0.02140720233114224,0.0166630344
Full Model,2025-10-24,72,0.007695088181706577,0.009745734864124792,0.01749933316023084,0.01748464729166667
Full Model,2025-10-27,78,0.009279237187737582,0.01057774458479207,0.019912064278450485,0.02160152355128205
Full Model,2025-10-28,125,0.013784621819466712,0.016162352444039508,0.028391784910112575,0.021243936495999996
Full Model,2025-10-29,102,0.011881295840746845,0.014759646352708851,0.029484848592284212,0.020959117117647055
Full Model,2025-10-30,182,0.01026109211982486,0.012532855813225798,0.023661890883346623,0.01966331873076923
Full Model,2025-10-31,99,0.010606600388028182,0.013737786848137697,0.02492793248684112,0.018766523696969694
Full Model,2025-11-03,61,0.007914307489494617,0.010059282617769002,0.026701006778805915,0.021617042983606557
Full Model,2025-11-04,64,0.006202796398475784,0.007943393162743966,0.018412030396575522,0.0187083056328125
Full Model,2025-11-05,40,0.007506888913507095,0.009127698949257001,0.020668999373447093,0.015179001612499998
Full Model,2025-11-06,41,0.006359494635746933,0.008134113620237278,0.02061274661341814,0.014875813658536583
Full Model,2025-11-07,41,0.005437906677797253,0.007471936494588733,0.017763100893849946,0.016045073475609756
Full Model,2025-11-10,57,0.00636650254777558,0.00828543944342077,0.017659802218539626,0.015164701622807017
Full Model,2025-11-11,52,0.00575703132154129,0.0068922524956700065,0.015123921437547129,0.016829262432692307
Full Model,2025-11-12,34,0.008385215552643021,0.010234611763748009,0.01426352911135725,0.018150955544117643
Full Model,2025-11-13,47,0.005686811555585698,0.0070080925860254726,0.014578079121147659,0.017502411287234048
Full Model,2025-11-14,71,0.007772273971406609,0.00899299338234508,0.015050731471437975,0.018142495239436614
Full Model,2025-11-17,78,0.009050181432263571,0.010123353952414886,0.010445172877576247,0.01825043777564103
Full Model,2025-11-18,43,0.005144321946175379,0.006142418974742735,0.0156158622960711,0.018730377976744185
Full Model,2025-11-19,68,0.006286022588619493,0.008655658041832043,0.020412673434132993,0.016815699786764705
Full Model,2025-11-20,40,0.00434490573576326,0.005792624461965152,0.017775878380052706,0.016911131437499997
Full Model,2025-11-21,47,0.0054747234997558885,0.008042848374484254,0.01777388666697,0.01842732170212766
Full Model,2025-11-24,74,0.00556391366721632,0.006823120071751365,0.01743150676122384,0.017091434655405403
Full Model,2025-11-25,57,0.004851537281563269,0.006019201685901966,0.013550991862358698,0.016473532824561404
Full Model,2025-11-26,59,0.0073241138970494045,0.009320601017061971,0.015499657493526603,0.015427528288135593
Full Model,2025-11-27,192,0.0062605033736314,0.007936984530521237,0.017676361846194248,0.014158989541666667
Full Model,2025-11-28,90,0.004856904131619976,0.006077959639596252,0.016510819092703327,0.016982982994444444
Full Model,2025-12-01,66,0.006786152971180867,0.009381875007623944,0.01761973041081515,0.015888805340909088
Full Model,2025-12-02,72,0.00685834685255279,0.008300126821731063,0.017712897472342223,0.018678099243055555
Full Model,2025-12-03,61,0.006440378594852827,0.007499597868937048,0.015556548699186918,0.01747230818032787
Full Model,2025-12-04,46,0.008704768909076186,0.010811933286198032,0.013738532672109758,0.01780961483695652
Full Model,2025-12-05,50,0.00797620126176826,0.009957298234408751,0.019886362818069717,0.01877410156
Full Model,2025-12-08,66,0.0065150575329054,0.008405402012615514,0.019471998322952606,0.01885806997727273
Full Model,2025-12-09,36,0.011183988443126298,0.013282100485082958,0.025395777774974652,0.016900095694444447
Full Model,2025-12-10,44,0.013398761880430815,0.016335908351958098,0.024844142005101485,0.016101679556818183
Full Model,2025-12-11,53,0.015781780864923316,0.018185163112824324,0.03230846336744019,0.01681164191509434
Full Model,2025-12-12,48,0.006870089210705434,0.008684324945522163,0.021237770716349257,0.0176069445625
Full Model,2025-12-15,61,0.004997665360507317,0.005614536863272421,0.017470579976063244,0.01817764913114754
Full Model,2025-12-16,67,0.0054315429495634705,0.0068114142355776034,0.017891479093136587,0.01937433337313433
Full Model,2025-12-17,118,0.005343799443637595,0.006933213416561486,0.014813487242386339,0.016843301330508476
Full Model,2025-12-18,46,0.006959677637904433,0.00903915810009349,0.01578389804648311,0.01757193814130435
Full Model,2025-12-19,62,0.007269689978671653,0.010230861387349882,0.01892630864805988,0.019105217612903222
Full Model,2025-12-22,86,0.008161883972902156,0.010930869294801164,0.016860676490766658,0.0197621756744186
Full Model,2025-12-23,68,0.007938015560589512,0.011091340523836628,0.01973986101117639,0.018086300522058823
Full Model,2025-12-24,74,0.009163151078280465,0.012303221358171154,0.017915854246254855,0.01740559599324324
GNN + News,2025-07-31,38,0.009340734392239775,0.01095471196727961,0.02602467791324379,0.01813860947368421
GNN + News,2025-08-01,56,0.009524903748489038,0.01243082785876563,0.02270971175416234,0.016754399776785715
GNN + News,2025-08-04,93,0.008089740936510893,0.009850677776039346,0.020052293400650657,0.015602498021505378
GNN + News,2025-08-05,64,0.0069897749817822066,0.007968693756880689,0.017234828395885367,0.017027776
GNN + News,2025-08-06,43,0.0077665064624461225,0.009228790743662826,0.018395411998553286,0.016574724581395348
GNN + News,2025-08-07,84,0.007810473432765165,0.009497726970575552,0.021382174421367854,0.016081341547619046
GNN + News,2025-08-08,52,0.008382943153493414,0.01063417198467903,0.02204600044597795,0.017627401490384616
GNN + News,2025-08-11,66,0.00861231107775443,0.010765920081319416,0.0204010240197407,0.016330423636363636
GNN + News,2025-08-12,89,0.00962373742861072,0.01076677649118365,0.02237273580290037,0.01816561215168539
GNN + News,2025-08-13,91,0.01006395281525076,0.013162966114605717,0.02444609407601608,0.017196957439560442
GNN + News,2025-08-14,95,0.01002911809263386,0.0125971584819192,0.023455602744300075,0.016788104515789472
GNN + News,2025-08-15,86,0.014006913092909181,0.01794898893293982,0.02891002045294569,0.016683846139534882
GNN + News,2025-08-18,83,0.01928211708480287,0.026138951480777786,0.03491221956280336,0.016736242499999998
GNN + News,2025-08-19,50,0.02791570103320578,0.03263278235935902,0.04020799636840816,0.012718687763999998
GNN + News,2025-08-20,40,0.023323758831488458,0.027547536307668583,0.03783446820452806,0.015218768999999998
GNN + News,2025-08-21,58,0.021209879667329526,0.024012638551646683,0.03664916458314859,0.016590551887931036
GNN + News,2025-08-22,42,0.0172308311109777,0.021339617700528793,0.027782208774061394,0.015345096547619048
GNN + News,2025-08-25,76,0.007100329497337416,0.009136428467319647,0.022652441476422664,0.020580119381578946
GNN + News,2025-08-26,69,0.006951687830071563,0.007881993006953383,0.016923747862270726,0.021093259666666662
GNN + News,2025-08-27,117,0.010194183014135237,0.012818513681235613,0.02378928370805628,0.02195854775641026
GNN + News,2025-08-28,96,0.010062314798266551,0.011962124663406301,0.021611958686359335,0.019492880729166665
GNN + News,2025-08-29,216,0.010857144190737923,0.013211944049118494,0.025899308216240625,0.021313602224537036
GNN + News,2025-09-03,140,0.008154708655013106,0.01045310930709946,0.023662234260700587,0.02024154842857143
GNN + News,2025-09-04,59,0.008623230230395879,0.011175149864275806,0.02243107277110719,0.01906162639830509
GNN + News,2025-09-05,82,0.00991541590221873,0.011895347759238737,0.024520005079599543,0.01880842866463415
GNN + News,2025-09-08,65,0.004993830787824116,0.006676297350188313,0.017405288458730125,0.018881448469230767
GNN + News,2025-09-09,71,0.005905950985447904,0.007136489612253299,0.015949858503389903,0.017645569929577467
GNN + News,2025-09-10,24,0.003770919329685292,0.006490907332046346,0.01925560866948211,0.01892964797916667
GNN + News,2025-09-11,38,0.00707621669570306,0.008809558325143692,0.014074166869058385,0.014918384328947371
GNN + News,2025-09-12,61,0.008079279233933517,0.010233604491533781,0.01751727308146651,0.015394471081967214
GNN + News,2025-09-15,53,0.005276545791965524,0.006536722139784023,0.012974150654561067,0.01555445858490566
GNN + News,2025-09-16,51,0.00549424296470848,0.009685444760389579,0.016258406014565116,0.01497092376470588
GNN + News,2025-09-17,45,0.005458195984429222,0.00655230391948893,0.017092690947982946,0.015100904699999999
GNN + News,2025-09-18,53,0.0074555705960729236,0.00850318115300959,0.016482999539529895,0.01874049327358491
GNN + News,2025-09-19,53,0.00547309832499765,0.007111730052784504,0.018907077074542877,0.019488642283018866
GNN + News,2025-09-22,58,0.0065891227105864866,0.008192450262171604,0.015488993248035115,0.018257716353448274
GNN + News,2025-09-23,31,0.008086156806891683,0.010491538306523001,0.019436202132173074,0.019709397532258064
GNN + News,2025-09-24,42,0.006394407948265659,0.007872660142258105,0.011906958417966917,0.016322771273809527
GNN + News,2025-09-25,39,0.0044784580780061105,0.0057622871701580635,0.013942318311772995,0.016289767089743588
GNN + News,2025-09-26,50,0.0045585539104395605,0.00611235312807987,0.014641798827797137,0.015595035690000002
GNN + News,2025-09-29,68,0.011993531696723696,0.01459287357441613,0.02591773210202941,0.015682026419117652
GNN + News,2025-09-30,47,0.009629835426053718,0.011738854361290563,0.023819446266490046,0.0158495435212766
GNN + News,2025-10-01,45,0.008621275780103207,0.009952394267526666,0.020093327822784533,0.017560877466666666
GNN + News,2025-10-02,54,0.011981875441850202,0.014424391319106288,0.024621142992853232,0.015726849101851854
GNN + News,2025-10-03,44,0.00656887808225656,0.007772188412542013,0.022036644905297543,0.01938799636363636
GNN + News,2025-10-06,63,0.008421518894026425,0.010256099373385407,0.020151723834079836,0.020921584444444447
GNN + News,2025-10-07,46,0.005244210949125892,0.006530777157736094,0.014874568836682468,0.016378384119565215
GNN + News,2025-10-08,52,0.006410815979580943,0.008992559430834803,0.01686826635761037,0.014203949961538464
GNN + News,2025-10-09,41,0.0052149003247757295,0.007392003797799699,0.01606979787849429,0.01563857907317073
GNN + News,2025-10-10,52,0.008517398132702149,0.011016450094672404,0.020600084407935596,0.017097770653846153
GNN + News,2025-10-13,40,0.01726290389106674,0.021054819107782497,0.03214684617705639,0.01601417795
GNN + News,2025-10-14,45,0.021270440882155843,0.02337519191889984,0.03828169517219062,0.017029781644444443
GNN + News,2025-10-15,54,0.01696139224596954,0.019194875564564715,0.036122601168851014,0.019813608879629626
GNN + News,2025-10-16,62,0.014791487776722177,0.01763716473485155,0.03185821052700758,0.01751896184677419
GNN + News,2025-10-17,55,0.014496679389944086,0.01705289163123755,0.031015138107944578,0.017069655554545458
GNN + News,2025-10-20,65,0.008849982845101405,0.011478333178858982,0.02243951394652513,0.018971252553846154
GNN + News,2025-10-21,47,0.010790536607069006,0.013034361836614107,0.025770465253872086,0.019349798297872343
GNN + News,2025-10-22,45,0.008025677517149199,0.009656243156279611,0.019319541048672405,0.0178167972
GNN + News,2025-10-23,45,0.008556884818607094,0.01060286444009529,0.02140720233114224,0.016830118611111108
GNN + News,2025-10-24,72,0.008267558948946417,0.010298320451901759,0.01749933316023084,0.01738248582638889
GNN + News,2025-10-27,78,0.00881875841850681,0.010110179047741401,0.019912064278450485,0.02128155083333333
GNN + News,2025-10-28,125,0.013611813325460978,0.015828714091333292,0.028391784910112575,0.021660606240000005
GNN + News,2025-10-29,102,0.01168931603663453,0.014542894369485502,0.029484848592284212,0.021413142950980398
GNN + News,2025-10-30,182,0.010064483256734423,0.012498531271209893,0.023661890883346623,0.01958757986813187
GNN + News,2025-10-31,99,0.010692874114404092,0.013447314659557005,0.02492793248684112,0.018692976540404038
GNN + News,2025-11-03,61,0.008701055174802942,0.010759229927974422,0.026701006778805915,0.020406988516393446
GNN + News,2025-11-04,64,0.005996195301211159,0.007795215473239203,0.018412030396575522,0.017777669046875
GNN + News,2025-11-05,40,0.0071594781900128895,0.008913737646750467,0.020668999373447093,0.014895161575
GNN + News,2025-11-06,41,0.006273583876844896,0.008078978109642355,0.02061274661341814,0.01462993769512195
GNN + News,2025-11-07,41,0.005660411545305409,0.007490948649482712,0.017763100893849946,0.014449892658536584
GNN + News,2025-11-10,57,0.006283667658751948,0.008114542508308849,0.017659802218539626,0.015411821280701754
GNN + News,2025-11-11,52,0.00551046348078372,0.006860835495757114,0.015123921437547129,0.01658957756730769
GNN + News,2025-11-12,34,0.007201899196754761,0.009546216840228248,0.01426352911135725,0.016457161470588236
GNN + News,2025-11-13,47,0.006426490745760089,0.008048029941482312,0.014578079121147659,0.018399324829787237
GNN + News,2025-11-14,71,0.007848159069002658,0.009278897108036973,0.015050731471437975,0.01841120579577464
GNN + News,2025-11-17,78,0.009510807118161005,0.0105963204367617,0.010445172877576247,0.01884636982051282
GNN + News,2025-11-18,43,0.0057002644350837885,0.006708297718593436,0.0156158622960711,0.019471705767441862
GNN + News,2025-11-19,68,0.006477133925374908,0.00871447574416783,0.020412673434132993,0.016717318794117645
GNN + News,2025-11-20,40,0.0054247192956796845,0.007023456044227678,0.017775878380052706,0.016805033262499998
GNN + News,2025-11-21,47,0.0048640776867777446,0.007722118725175956,0.01777388666697,0.017431566627659576
GNN + News,2025-11-24,74,0.005591612783256755,0.007189141363726627,0.01743150676122384,0.01647180467567567
GNN + News,2025-11-25,57,0.005093910564693072,0.006146538916705652,0.013550991862358698,0.01520266537719298
GNN + News,2025-11-26,59,0.006769837219083302,0.00894031989669086,0.015499657493526603,0.01499657147457627
GNN + News,2025-11-27,192,0.006141097038927147,0.007774460656023509,0.017676361846194248,0.014093852770833333
GNN + News,2025-11-28,90,0.005908391236327226,0.00695541685109655,0.016510819092703327,0.017127970344444444
GNN + News,2025-12-01,66,0.006774169322853836,0.009349468670274249,0.01761973041081515,0.01617339627272727
GNN + News,2025-12-02,72,0.006743576878088863,0.008456139208900797,0.017712897472342223,0.01820276626388889
GNN + News,2025-12-03,61,0.006733961504466834,0.007793874860897515,0.015556548699186918,0.017647968532786884
GNN + News,2025-12-04,46,0.009177408924645377,0.01131549933912278,0.013738532672109758,0.018190562413043475
GNN + News,2025-12-05,50,0.0076280484017682585,0.009779220017417586,0.019886362818069717,0.01869751968
GNN + News,2025-12-08,66,0.00674998650098283,0.008463574092845993,0.019471998322952606,0.018516330363636365
GNN + News,2025-12-09,36,0.010818243634655228,0.012805372730572084,0.025395777774974652,0.01634840905555555
GNN + News,2025-12-10,44,0.013185372630430818,0.016194540225770174,0.024844142005101485,0.01597300198863636
GNN + News,2025-12-11,53,0.01616724913850822,0.01846621419092496,0.03230846336744019,0.01658198254716981
GNN + News,2025-12-12,48,0.006960022325288767,0.008731832417697654,0.021237770716349257,0.017556379072916666
GNN + News,2025-12-15,61,0.005943377241874476,0.0068004083750853915,0.017470579976063244,0.017981956918032786
GNN + News,2025-12-16,67,0.005887532810335562,0.007696960176156841,0.017891479093136587,0.019532982641791045
GNN + News,2025-12-17,118,0.005562946447180891,0.00742994621696316,0.014813487242386339,0.017267913940677965
GNN + News,2025-12-18,46,0.00748212982972205,0.009560655196657747,0.01578389804648311,0.018163104782608696
GNN + News,2025-12-19,62,0.008043581310755329,0.010770185705451886,0.01892630864805988,0.019518604048387102
GNN + News,2025-12-22,86,0.0088590631372535,0.011633766664320887,0.016860676490766658,0.019353106622093025
GNN + News,2025-12-23,68,0.008118495060871242,0.010914469475458531,0.01973986101117639,0.018953437272058827
GNN + News,2025-12-24,74,0.009103099453378328,0.012283618209664825,0.017915854246254855,0.01701160866891892
GNN + Relationship,2025-07-31,38,0.009266624444871356,0.010665098866998513,0.02602467791324379,0.018766770157894738
GNN + Relationship,2025-08-01,56,0.009662092297793325,0.012392308481762893,0.02270971175416234,0.01684497904464286
GNN + Relationship,2025-08-04,93,0.008119144563102152,0.009854094924756127,0.020052293400650657,0.015354469064516126
GNN + Relationship,2025-08-05,64,0.007277422350781663,0.008036594422915069,0.017234828395885367,0.0171763070078125
GNN + Relationship,2025-08-06,43,0.007284993713244021,0.008631043882112336,0.018395411998553286,0.01907829986046512
GNN + Relationship,2025-08-07,84,0.008544883345567546,0.010139716808392997,0.021382174421367854,0.015423975238095236
GNN + Relationship,2025-08-08,52,0.008002237882854582,0.009638177296702893,0.02204600044597795,0.018667956961538463
GNN + Relationship,2025-08-11,66,0.008910962107877998,0.01116452129949288,0.0204010240197407,0.015999177689393938
GNN + Relationship,2025-08-12,89,0.009671213571043844,0.010946277801938001,0.02237273580290037,0.018206665112359553
GNN + Relationship,2025-08-13,91,0.00968665195900719,0.013394981259034341,0.02444609407601608,0.0179236270989011
GNN + Relationship,2025-08-14,95,0.010275956044370314,0.012977127040749627,0.023455602744300075,0.01581789322631579
GNN + Relationship,2025-08-15,86,0.014584758825467318,0.018421698940038058,0.02891002045294569,0.016291970988372092
GNN + Relationship,2025-08-18,83,0.019940165641060898,0.02684288049327278,0.03491221956280336,0.016283596036144574
GNN + Relationship,2025-08-19,50,0.027669084197205773,0.032401699929190515,0.04020799636840816,0.013041034520000001
GNN + Relationship,2025-08-20,40,0.024089027292222807,0.028104864044660456,0.03783446820452806,0.014766732962500001
GNN + Relationship,2025-08-21,58,0.022375915822501938,0.02515903208845857,0.03664916458314859,0.015570012594827584
GNN + Relationship,2025-08-22,42,0.018139955425999783,0.022538179500853076,0.027782208774061394,0.015172961226190477
GNN + Relationship,2025-08-25,76,0.006502864875959482,0.008437376400637105,0.022652441476422664,0.02166822560526316
GNN + Relationship,2025-08-26,69,0.007004842183801942,0.00797188874710773,0.016923747862270726,0.020735912159420288
GNN + Relationship,2025-08-27,117,0.009337416962037931,0.012334960687009403,0.02378928370805628,0.019892343935042738
GNN + Relationship,2025-08-28,96,0.009595719460199797,0.011886115040954963,0.021611958686359335,0.019320403104166665
GNN + Relationship,2025-08-29,216,0.011572051981047847,0.01425538569394723,0.025899308216240625,0.01881151351388889
GNN + Relationship,2025-09-03,140,0.008440321019832,0.011322403617329448,0.023662234260700587,0.020247874235714284
GNN + Relationship,2025-09-04,59,0.008650005644329698,0.01155902875136359,0.02243107277110719,0.018311744135593215
GNN + Relationship,2025-09-05,82,0.010364280623484335,0.012087519380053686,0.024520005079599543,0.018660334914634147
GNN + Relationship,2025-09-08,65,0.004866083451745064,0.006527959448002988,0.017405288458730125,0.01931787636153846
GNN + Relationship,2025-09-09,71,0.006541980765326796,0.007587688538200676,0.015949858503389903,0.018205444478873237
GNN + Relationship,2025-09-10,24,0.0045974133147176745,0.006582022920621677,0.01925560866948211,0.018144401875
GNN + Relationship,2025-09-11,38,0.006653732744258633,0.008161248278639698,0.014074166869058385,0.014047416710526317
GNN + Relationship,2025-09-12,61,0.007712505068703023,0.010254938485922006,0.01751727308146651,0.015266876885245905
GNN + Relationship,2025-09-15,53,0.00613018724953969,0.007315574766369774,0.012974150654561067,0.01552704758490566
GNN + Relationship,2025-09-16,51,0.005173863122756813,0.008927125229042059,0.016258406014565116,0.015513103598039216
GNN + Relationship,2025-09-17,45,0.0054610900358808,0.0061790271740187145,0.017092690947982946,0.015690524855555554
GNN + Relationship,2025-09-18,53,0.008303684152676696,0.009170164507300333,0.016482999539529895,0.019771826698113202
GNN + Relationship,2025-09-19,53,0.006264981520663152,0.00793764738611269,0.018907077074542877,0.01926107570754717
GNN + Relationship,2025-09-22,58,0.006694236725308283,0.008157794571122385,0.015488993248035115,0.017913498741379312
GNN + Relationship,2025-09-23,31,0.007739428177859422,0.009708421925648835,0.019436202132173074,0.01943627748387097
GNN + Relationship,2025-09-24,42,0.005934245655224594,0.007750289648284106,0.011906958417966917,0.014993569161904762
GNN + Relationship,2025-09-25,39,0.0044129931848141055,0.005292982813270012,0.013942318311772995,0.016077982756410255
GNN + Relationship,2025-09-26,50,0.0043057199301448235,0.0057886814969107065,0.014641798827797137,0.016105205619999997
GNN + Relationship,2025-09-29,68,0.01178858363207132,0.014866066979790224,0.02591773210202941,0.01567965950735294
GNN + Relationship,2025-09-30,47,0.009246891404901864,0.011312488636443506,0.023819446266490046,0.015736300829787234
GNN + Relationship,2025-10-01,45,0.008302658235427189,0.009728090026990516,0.020093327822784533,0.01789286477777778
GNN + Relationship,2025-10-02,54,0.012299869699563672,0.015001764312112696,0.024621142992853232,0.014595442166666665
GNN + Relationship,2025-10-03,44,0.0067238094610329235,0.008025143445390891,0.022036644905297543,0.017905255659090905
GNN + Relationship,2025-10-06,63,0.008180454596592788,0.01012378544877422,0.020151723834079836,0.021127623587301587
GNN + Relationship,2025-10-07,46,0.005207472313134675,0.006613363857358318,0.014874568836682468,0.01743362265217391
GNN + Relationship,2025-10-08,52,0.006399364473047135,0.008994338723239194,0.01686826635761037,0.014396824048076922
GNN + Relationship,2025-10-09,41,0.005170151269256339,0.007084200449286355,0.01606979787849429,0.015320244829268293
GNN + Relationship,2025-10-10,52,0.008403106022558955,0.010487930021595999,0.020600084407935596,0.01769208310576923
GNN + Relationship,2025-10-13,40,0.016878210830296853,0.020836934641735888,0.03214684617705639,0.016503009625
GNN + Relationship,2025-10-14,45,0.021745881505523958,0.02381810052970961,0.03828169517219062,0.016535813666666666
GNN + Relationship,2025-10-15,54,0.017266531764488058,0.01924876882120341,0.036122601168851014,0.01963353287962963
GNN + Relationship,2025-10-16,62,0.014687837095393615,0.017638829732719224,0.03185821052700758,0.017578383080645164
GNN + Relationship,2025-10-17,55,0.014410600037601787,0.01672891450171636,0.031015138107944578,0.017478264709090908
GNN + Relationship,2025-10-20,65,0.008769486077107324,0.01149082920288515,0.02243951394652513,0.017705442738461537
GNN + Relationship,2025-10-21,47,0.01060239799004773,0.013193512434904495,0.025770465253872086,0.01920900274468085
GNN + Relationship,2025-10-22,45,0.007947338117149198,0.009375784802181339,0.019319541048672405,0.018652172066666667
GNN + Relationship,2025-10-23,45,0.007730787407495984,0.009867033873657146,0.02140720233114224,0.017335313999999998
GNN + Relationship,2025-10-24,72,0.006974057458179098,0.008813293019453395,0.01749933316023084,0.017427523972222223
GNN + Relationship,2025-10-27,78,0.008682742762979792,0.009759014033788151,0.019912064278450485,0.020728734410256414
GNN + Relationship,2025-10-28,125,0.013721269221460978,0.015707773451125458,0.028391784910112575,0.0218893858
GNN + Relationship,2025-10-29,102,0.011189631221043026,0.014058139383274808,0.029484848592284212,0.021536297637254904
GNN + Relationship,2025-10-30,182,0.010015875618140154,0.012228730740560476,0.023661890883346623,0.01954570845054945
GNN + Relationship,2025-10-31,99,0.010490045182986065,0.013417284983069018,0.02492793248684112,0.01828114121212121
GNN + Relationship,2025-11-03,61,0.008113411664056444,0.010412532475828634,0.026701006778805915,0.02136717326229508
GNN + Relationship,2025-11-04,64,0.006154476699187447,0.007946433766730538,0.018412030396575522,0.018654295484375
GNN + Relationship,2025-11-05,40,0.007387274238951545,0.008915222927511237,0.020668999373447093,0.015117260425000001
GNN + Relationship,2025-11-06,41,0.006595237216103656,0.008280512613568347,0.02061274661341814,0.014784200439024392
GNN + Relationship,2025-11-07,41,0.006012591382019346,0.007849856399454682,0.017763100893849946,0.01392653113414634
GNN + Relationship,2025-11-10,57,0.0064587255616113054,0.008107280561954882,0.017659802218539626,0.015541990640350875
GNN + Relationship,2025-11-11,52,0.00577583884000828,0.007347714988102263,0.015123921437547129,0.016677563250000003
GNN + Relationship,2025-11-12,34,0.007681254273231255,0.010495495628897141,0.01426352911135725,0.016760475735294118
GNN + Relationship,2025-11-13,47,0.0061133819833860655,0.007581930834721294,0.014578079121147659,0.01817292112765957
GNN + Relationship,2025-11-14,71,0.007911324843650544,0.0092838076311228,0.015050731471437975,0.018089064936619714
GNN + Relationship,2025-11-17,78,0.009674156701494343,0.010616341823323367,0.010445172877576247,0.01917883619871795
GNN + Relationship,2025-11-18,43,0.004848370935083788,0.006369451261251714,0.0156158622960711,0.018791318290697676
GNN + Relationship,2025-11-19,68,0.00632794620622546,0.008453399727979536,0.020412673434132993,0.016943829544117647
GNN + Relationship,2025-11-20,40,0.005307915403019529,0.006817856190081622,0.017775878380052706,0.0165417016875
GNN + Relationship,2025-11-21,47,0.005473425105029736,0.007668261990586262,0.01777388666697,0.017427962797872343
GNN + Relationship,2025-11-24,74,0.005006341371939196,0.006546993955454809,0.01743150676122384,0.016612490844594596
GNN + Relationship,2025-11-25,57,0.005405142217722665,0.006333241974358608,0.013550991862358698,0.015073613061403509
GNN + Relationship,2025-11-26,59,0.007174996798760984,0.008746437393547902,0.015499657493526603,0.015324117118644067
GNN + Relationship,2025-11-27,192,0.006487494830771889,0.008234857715105449,0.017676361846194248,0.013548422835937499
GNN + Relationship,2025-11-28,90,0.0054342398101404395,0.006567149234207341,0.016510819092703327,0.016446025816666668
GNN + Relationship,2025-12-01,66,0.007021429224061617,0.009355160443214609,0.01761973041081515,0.016608153333333337
GNN + Relationship,2025-12-02,72,0.006660371006277485,0.00809997180378275,0.017712897472342223,0.01813450234027778
GNN + Relationship,2025-12-03,61,0.00634699480796758,0.007553144166490181,0.015556548699186918,0.0176051635409836
GNN + Relationship,2025-12-04,46,0.009153917163211569,0.011170467969169907,0.013738532672109758,0.018615152130434784
GNN + Relationship,2025-12-05,50,0.007752371190985597,0.009532677756969365,0.019886362818069717,0.019367355
GNN + Relationship,2025-12-08,66,0.006463682676465075,0.008234780910522791,0.019471998322952606,0.018639804750000002
GNN + Relationship,2025-12-09,36,0.011067595582015187,0.01308860836331617,0.025395777774974652,0.01691596088888889
GNN + Relationship,2025-12-10,44,0.013169292550885362,0.015983624396745937,0.024844142005101485,0.01639787554545455
GNN + Relationship,2025-12-11,53,0.016132809346055387,0.01863220014644792,0.03230846336744019,0.016541531509433962
GNN + Relationship,2025-12-12,48,0.007571474987858848,0.009194897493732987,0.021237770716349257,0.0168489733125
GNN + Relationship,2025-12-15,61,0.005902310340235133,0.006689367472698229,0.017470579976063244,0.018057807360655733
GNN + Relationship,2025-12-16,67,0.006102904165666189,0.007746514718477195,0.017891479093136587,0.02017342546268657
GNN + Relationship,2025-12-17,118,0.005426575113650087,0.007046455833934359,0.014813487242386339,0.017767549932203384
GNN + Relationship,2025-12-18,46,0.006566578137382814,0.008889191121674477,0.01578389804648311,0.017280024336956516
GNN + Relationship,2025-12-19,62,0.007902243440087353,0.010609926570221135,0.01892630864805988,0.019488349790322584
GNN + Relationship,2025-12-22,86,0.009294193268158793,0.011499280546931645,0.016860676490766658,0.021074444813953493
GNN + Relationship,2025-12-23,68,0.008366800987074808,0.010873261117676072,0.01973986101117639,0.018970357102941177
GNN + Relationship,2025-12-24,74,0.008963028368821005,0.012019693391653593,0.017915854246254855,0.01737766908108108
GNN Correlation Only,2025-07-31,76,0.00964581985934504,0.010985528527430443,0.02602467791324379,0.01809589829605263
GNN Correlation Only,2025-08-01,112,0.009881284406219994,0.012585566333411619,0.02270971175416234,0.01626869903125
GNN Correlation Only,2025-08-04,186,0.007850696858416491,0.009912329007874244,0.020052293400650654,0.014993955333333333
GNN Correlation Only,2025-08-05,128,0.007018343507031663,0.00779407360234045,0.017234828395885367,0.0165709858046875
GNN Correlation Only,2025-08-06,86,0.007165852645290068,0.008320908658537336,0.01839541199855329,0.01825486662790698
GNN Correlation Only,2025-08-07,168,0.008324036613424688,0.00988773417854764,0.021382174421367847,0.015406690910714286
GNN Correlation Only,2025-08-08,104,0.00784687751206971,0.009590685938577795,0.02204600044597795,0.01823138144230769
GNN Correlation Only,2025-08-11,132,0.008714168671929208,0.010879718013796641,0.0204010240197407,0.015693061984848485
GNN Correlation Only,2025-08-12,178,0.00968348968935462,0.010876109073294175,0.02237273580290037,0.017465679643258424
GNN Correlation Only,2025-08-13,182,0.009634764652758174,0.013377280139357602,0.02444609407601608,0.017497433351648353
GNN Correlation Only,2025-08-14,190,0.01035910892663755,0.013117455640417093,0.023455602744300075,0.015373288528947367
GNN Correlation Only,2025-08-15,172,0.014378931366164993,0.01818760421661427,0.02891002045294569,0.01613658680813954
GNN Correlation Only,2025-08-18,166,0.019768864015543907,0.026772499987535586,0.03491221956280336,0.01599228404819277
GNN Correlation Only,2025-08-19,100,0.027230826487205772,0.03184633396992704,0.04020799636840817,0.013306854210000002
GNN Correlation Only,2025-08-20,80,0.024121783067222808,0.028204219308539755,0.03783446820452806,0.0141215372875
GNN Correlation Only,2025-08-21,116,0.02206766364146746,0.024831013115938445,0.03664916458314858,0.015667686189655174
GNN Correlation Only,2025-08-22,84,0.017575188755222088,0.02185147741912101,0.027782208774061387,0.015035397711904763
GNN Correlation Only,2025-08-25,152,0.006444795059038115,0.008249517531125098,0.02265244147642266,0.021189344967105263
GNN Correlation Only,2025-08-26,138,0.0067312581240051295,0.007811215465980922,0.016923747862270723,0.020872096644927538
GNN Correlation Only,2025-08-27,234,0.010070038810186864,0.013046172532067227,0.023789283708056278,0.019365181023504277
GNN Correlation Only,2025-08-28,192,0.009600082415412667,0.011604722676049652,0.021611958686359335,0.019339304979166666
GNN Correlation Only,2025-08-29,432,0.011393805686725725,0.013896354516301902,0.025899308216240625,0.019201351431712962
GNN Correlation Only,2025-09-03,280,0.008440240901974858,0.010886288167071802,0.023662234260700587,0.020890977810714282
GNN Correlation Only,2025-09-04,118,0.008288749730329652,0.011198533817193731,0.02243107277110719,0.018230413741525425
GNN Correlation Only,2025-09-05,164,0.010164589688915045,0.012037950760593056,0.024520005079599543,0.018544089225609753
GNN Correlation Only,2025-09-08,130,0.0048331425055912185,0.006655326332441996,0.017405288458730125,0.019000446815384615
GNN Correlation Only,2025-09-09,142,0.006189813983636655,0.007277615079195788,0.0159498585033899,0.017944309894366198
GNN Correlation Only,2025-09-10,48,0.004123472727903675,0.006262537371432744,0.01925560866948211,0.01787632545833333
GNN Correlation Only,2025-09-11,76,0.006690043173312092,0.008199961548456624,0.014074166869058385,0.014593708828947368
GNN Correlation Only,2025-09-12,122,0.007535737475519507,0.009893151035754881,0.01751727308146651,0.015507839
GNN Correlation Only,2025-09-15,106,0.005977391197773307,0.007103659693391821,0.012974150654561065,0.015651155886792452
GNN Correlation Only,2025-09-16,102,0.00504325110314897,0.0090195884353219,0.01625840601456512,0.014962557000000001
GNN Correlation Only,2025-09-17,90,0.005453638496991911,0.006102479084605714,0.01709269094798295,0.015397126038888891
GNN Correlation Only,2025-09-18,106,0.00780331991682764,0.008675733405609605,0.016482999539529895,0.019350944349056605
GNN Correlation Only,2025-09-19,106,0.006143286378189961,0.0075361379252294886,0.018907077074542877,0.019006494594339625
GNN Correlation Only,2025-09-22,116,0.006070280811515178,0.007670302565622817,0.015488993248035115,0.01753436922413793
GNN Correlation Only,2025-09-23,62,0.007058804871407811,0.009028294529514364,0.01943620213217307,0.01942645014516129
GNN Correlation Only,2025-09-24,84,0.005815867965938879,0.007253251316524073,0.01190695841796692,0.01494715188690476
GNN Correlation Only,2025-09-25,78,0.004266148916863314,0.005138678727275351,0.013942318311772993,0.016219524455128205
GNN Correlation Only,2025-09-26,100,0.0037837658253941004,0.005403479825738153,0.01464179882779714,0.01529400893
GNN Correlation Only,2025-09-29,136,0.01184900666148309,0.014883298741207893,0.025917732102029408,0.015375727227941175
GNN Correlation Only,2025-09-30,94,0.009805042325114626,0.011806578349893286,0.023819446266490046,0.015287871228723406
GNN Correlation Only,2025-10-01,90,0.008238807358344131,0.009807574347048398,0.020093327822784533,0.0170438042
GNN Correlation Only,2025-10-02,108,0.012474130796785894,0.01525970982270757,0.024621142992853232,0.014007289513888889
GNN Correlation Only,2025-10-03,88,0.007061651120123833,0.00837521017521588,0.022036644905297543,0.018062965431818182
GNN Correlation Only,2025-10-06,126,0.007560133384065766,0.009527338587207262,0.020151723834079833,0.020930746753968252
GNN Correlation Only,2025-10-07,92,0.004704150459617135,0.005868910724576545,0.014874568836682478,0.016494780217391303
GNN Correlation Only,2025-10-08,104,0.006258024463431749,0.00891127019200754,0.01686826635761037,0.013978511134615384
GNN Correlation Only,2025-10-09,82,0.0050341461107197534,0.007070007392678261,0.016069797878494295,0.014849447109756098
GNN Correlation Only,2025-10-10,104,0.008132723527942188,0.010215508202041137,0.020600084407935593,0.017197361028846152
GNN Correlation Only,2025-10-13,80,0.017531512578566742,0.02157392930618426,0.03214684617705639,0.015678312612500002
GNN Correlation Only,2025-10-14,90,0.022578474333301735,0.024652443493050118,0.03828169517219062,0.01570322083888889
GNN Correlation Only,2025-10-15,108,0.017473118070384392,0.019480426552089886,0.036122601168851014,0.019449850824074074
GNN Correlation Only,2025-10-16,124,0.015115282113567266,0.018054139769357956,0.03185821052700758,0.017177134237903232
GNN Correlation Only,2025-10-17,110,0.014886085134023114,0.017289448843201737,0.031015138107944575,0.016703454718181816
GNN Correlation Only,2025-10-20,130,0.008515936476013996,0.011163562440871721,0.02243951394652513,0.017071409396153845
GNN Correlation Only,2025-10-21,94,0.01031904745965908,0.012842338216615883,0.025770465253872086,0.01864889005319149
GNN Correlation Only,2025-10-22,90,0.007980361817149199,0.009312073908672388,0.01931954104867241,0.017774712633333335
GNN Correlation Only,2025-10-23,90,0.007351532622467566,0.009493314980116418,0.02140720233114224,0.016915993733333332
GNN Correlation Only,2025-10-24,144,0.006920639616618391,0.00883967294702704,0.01749933316023084,0.01725384871527778
GNN Correlation Only,2025-10-27,156,0.00846195650015928,0.0096068112735129,0.019912064278450485,0.0207996200448718
GNN Correlation Only,2025-10-28,250,0.013720320889460978,0.015850603830931908,0.028391784910112575,0.021790535796000002
GNN Correlation Only,2025-10-29,204,0.011354019091745519,0.01444181072883892,0.029484848592284212,0.020698735365196074
GNN Correlation Only,2025-10-30,364,0.009905559165150771,0.0120249019270206,0.023661890883346623,0.019415352244505496
GNN Correlation Only,2025-10-31,198,0.010444829521369903,0.013438789545523055,0.02492793248684112,0.017949640166666666
GNN Correlation Only,2025-11-03,122,0.008278701270613822,0.010689847443949846,0.026701006778805908,0.02100878393442623
GNN Correlation Only,2025-11-04,128,0.006251622694763641,0.007925868274382254,0.018412030396575525,0.0182089021015625
GNN Correlation Only,2025-11-05,80,0.007824166387319134,0.00954827129399587,0.0206689993734471,0.01442035025
GNN Correlation Only,2025-11-06,82,0.006356277791184574,0.007905366842171411,0.02061274661341814,0.015072525323170731
GNN Correlation Only,2025-11-07,82,0.005612452869824224,0.007670189860464224,0.017763100893849946,0.013949137524390238
GNN Correlation Only,2025-11-10,114,0.006255661386172709,0.008135550027393135,0.017659802218539626,0.01538484146491228
GNN Correlation Only,2025-11-11,104,0.0054949044650082785,0.007076400629827889,0.015123921437547124,0.016373563971153846
GNN Correlation Only,2025-11-12,68,0.007639172958239796,0.010252067955259247,0.014263529111357249,0.016817183794117646
GNN Correlation Only,2025-11-13,94,0.005860720397300362,0.00725265252218916,0.014578079121147659,0.017833226287234046
GNN Correlation Only,2025-11-14,142,0.007500566653328635,0.00886346679176661,0.015050731471437973,0.018013305024647888
GNN Correlation Only,2025-11-17,156,0.009649934669443059,0.01053160906544911,0.010445172877576249,0.019241615884615388
GNN Correlation Only,2025-11-18,86,0.004572634744791916,0.005753247277652922,0.015615862296071105,0.0177660439127907
GNN Correlation Only,2025-11-19,136,0.006475854247465531,0.008626966581019567,0.02041267343413299,0.016564389617647057
GNN Correlation Only,2025-11-20,80,0.005272465282756796,0.006841936756267003,0.017775878380052706,0.0163148698875
GNN Correlation Only,2025-11-21,94,0.005082024700774419,0.007677810104078734,0.017773886666970003,0.016755717882978725
GNN Correlation Only,2025-11-24,148,0.005055398960442438,0.006719266375461322,0.01743150676122384,0.01608992295945946
GNN Correlation Only,2025-11-25,114,0.004889270909940645,0.00578811166401491,0.013550991862358698,0.014355144157894737
GNN Correlation Only,2025-11-26,118,0.0072325061885914945,0.00876767571640844,0.015499657493526607,0.01542634128813559
GNN Correlation Only,2025-11-27,384,0.006467453297139436,0.008189679777699245,0.017676361846194248,0.013035150665364583
GNN Correlation Only,2025-11-28,180,0.005210872057084633,0.0063341882709687025,0.016510819092703327,0.01574259606111111
GNN Correlation Only,2025-12-01,132,0.006809596211948543,0.00928616720146533,0.01761973041081515,0.015809206049242422
GNN Correlation Only,2025-12-02,144,0.006054631267001863,0.0076229796063188296,0.017712897472342223,0.017455217486111112
GNN Correlation Only,2025-12-03,122,0.006062956111246268,0.007463339561960307,0.015556548699186922,0.016686099221311475
GNN Correlation Only,2025-12-04,92,0.008677081740597925,0.010636922627578248,0.013738532672109763,0.017639616027173916
GNN Correlation Only,2025-12-05,100,0.0073856555359856,0.009439101477325835,0.01988636281806972,0.018536507655
GNN Correlation Only,2025-12-08,132,0.006282233286787751,0.007950179028059483,0.019471998322952606,0.01790113904166667
GNN Correlation Only,2025-12-09,72,0.011639612148544115,0.013572987499289865,0.02539577777497465,0.01624538165277778
GNN Correlation Only,2025-12-10,88,0.014170268664521727,0.01694281495539428,0.024844142005101474,0.01556746040909091
GNN Correlation Only,2025-12-11,106,0.016955667454545954,0.019392663060302552,0.03230846336744019,0.01562790170283019
GNN Correlation Only,2025-12-12,96,0.007706226409733848,0.009480615923414256,0.021237770716349257,0.016072511598958335
GNN Correlation Only,2025-12-15,122,0.005963003151710542,0.0068579985082118594,0.017470579976063244,0.017302788024590166
GNN Correlation Only,2025-12-16,134,0.0057489899857086964,0.007506614689098841,0.017891479093136587,0.01927056517537313
GNN Correlation Only,2025-12-17,236,0.004932577285010806,0.00669081747474096,0.014813487242386337,0.016767639209745763
GNN Correlation Only,2025-12-18,92,0.006368525599339336,0.008654931370186664,0.01578389804648312,0.01676432821195652
GNN Correlation Only,2025-12-19,124,0.00777537567507398,0.010462328833402553,0.018926308648059876,0.018763916112903224
GNN Correlation Only,2025-12-22,172,0.008660982963019339,0.01103072834515856,0.016860676490766655,0.020071331
GNN Correlation Only,2025-12-23,136,0.008000325950310102,0.010817714367624662,0.019739861011176387,0.018007188566176474
GNN Correlation Only,2025-12-24,148,0.008591955058401652,0.01182790768451902,0.017915854246254855,0.016844435945945948
Linear Regression,2025-07-31,38,0.005583720441902676,0.006525785730852363,0.02602467791324379,0.022541246763157892
Linear Regression,2025-08-01,56,0.00805544308610273,0.009624811794855545,0.02270971175416234,0.02050341880357143
Linear Regression,2025-08-04,93,0.008034791855942972,0.009306988652431198,0.020052293400650657,0.01942981181182796
Linear Regression,2025-08-05,64,0.005997010633328609,0.007180855132222526,0.017234828395885367,0.019524365671875
Linear Regression,2025-08-06,43,0.0068458580853370445,0.007791547574633196,0.018395411998553286,0.018644377162790698
Linear Regression,2025-08-07,84,0.006918393931612336,0.00832391917462597,0.021382174421367854,0.019807088940476187
Linear Regression,2025-08-08,52,0.006973872108029118,0.00840166678696328,0.02204600044597795,0.022190717538461538
Linear Regression,2025-08-11,66,0.0067295401811547665,0.008505678612024286,0.0204010240197407,0.020621299727272727
Linear Regression,2025-08-12,89,0.007818181350218483,0.009250949905474386,0.02237273580290037,0.02046051452247191
Linear Regression,2025-08-13,91,0.008088448892870803,0.010188479944407428,0.02444609407601608,0.023166719291208792
Linear Regression,2025-08-14,95,0.0076086011715732855,0.009707909639042877,0.023455602744300075,0.02040130216842105
Linear Regression,2025-08-15,86,0.010695229366042842,0.015033922098621809,0.02891002045294569,0.020848562534883718
Linear Regression,2025-08-18,83,0.016161000748325948,0.02234933946159052,0.03491221956280336,0.021776107427710845
Linear Regression,2025-08-19,50,0.021106349967278906,0.025424639537127636,0.04020799636840816,0.01997474664
Linear Regression,2025-08-20,40,0.016387193204218987,0.019684578945042774,0.03783446820452806,0.0222461699625
Linear Regression,2025-08-21,58,0.01463255241969569,0.017224688178168652,0.03664916458314859,0.022855199474137933
Linear Regression,2025-08-22,42,0.013754231628299252,0.017458226387414913,0.027782208774061394,0.019231841809523812
Linear Regression,2025-08-25,76,0.006353320001953388,0.008066347560566879,0.022652441476422664,0.024714319223684212
Linear Regression,2025-08-26,69,0.010333531946915876,0.011344282872763298,0.016923747862270726,0.026876200782608693
Linear Regression,2025-08-27,117,0.009596470206740105,0.01197146773638798,0.02378928370805628,0.023417855928205125
Linear Regression,2025-08-28,96,0.007129164181157062,0.00853302533168432,0.021611958686359335,0.021040678045833334
Linear Regression,2025-08-29,216,0.008852094038160925,0.01118876517831315,0.025899308216240625,0.02316137592824074
Linear Regression,2025-09-03,140,0.0065252032542707505,0.008286032554019922,0.023662234260700587,0.022869586985714285
Linear Regression,2025-09-04,59,0.0067464364795436944,0.00847404856978362,0.02243107277110719,0.022272594813559324
Linear Regression,2025-09-05,82,0.006806047045279518,0.00873036332019165,0.024520005079599543,0.023851999451219512
Linear Regression,2025-09-08,65,0.007813826664179612,0.009755747844560268,0.017405288458730125,0.023648306061538463
Linear Regression,2025-09-09,71,0.006978811305293809,0.008792202219894915,0.015949858503389903,0.02096796703521127
Linear Regression,2025-09-10,24,0.00848542494033109,0.010022618561802619,0.01925560866948211,0.023240089375
Linear Regression,2025-09-11,38,0.010844557195780766,0.012995296819366432,0.014074166869058385,0.022087247763157892
Linear Regression,2025-09-12,61,0.010691940733935215,0.012771609468776014,0.01751727308146651,0.02243029492622951
Linear Regression,2025-09-15,53,0.007320352430231271,0.008991053907013526,0.012974150654561067,0.019464168943396226
Linear Regression,2025-09-16,51,0.008555721104432177,0.012407033586348409,0.016258406014565116,0.020856633000000003
Linear Regression,2025-09-17,45,0.00580657763029961,0.0068469676313663375,0.017092690947982946,0.020524258044444445
Linear Regression,2025-09-18,53,0.005775549867935039,0.007129528676150351,0.016482999539529895,0.020623369075471697
Linear Regression,2025-09-19,53,0.005731103554956979,0.006990171858933369,0.018907077074542877,0.02306337173584906
Linear Regression,2025-09-22,58,0.007225180579813299,0.008677225463916322,0.015488993248035115,0.019882826965517242
Linear Regression,2025-09-23,31,0.009056120684575246,0.010507788762958924,0.019436202132173074,0.023794235741935486
Linear Regression,2025-09-24,42,0.008739378376063346,0.009614781610816763,0.011906958417966917,0.020124889500000003
Linear Regression,2025-09-25,39,0.005491496540565448,0.0065193105485776915,0.013942318311772995,0.018045278692307692
Linear Regression,2025-09-26,50,0.0058734455749479475,0.007064885850688859,0.014641798827797137,0.01818538678
Linear Regression,2025-09-29,68,0.010564461932046625,0.013056864001449661,0.02591773210202941,0.016479772794117643
Linear Regression,2025-09-30,47,0.009004448085752927,0.011098389484415714,0.023819446266490046,0.01593922559574468
Linear Regression,2025-10-01,45,0.007958446520743099,0.009762117419714349,0.020093327822784533,0.0170172373
Linear Regression,2025-10-02,54,0.010145377838560761,0.01238210174498003,0.024621142992853232,0.016313340935185185
Linear Regression,2025-10-03,44,0.007220131832342631,0.008380500213205373,0.022036644905297543,0.01644667715909091
Linear Regression,2025-10-06,63,0.00644639654979213,0.008091994311812914,0.020151723834079836,0.02102994151428571
Linear Regression,2025-10-07,46,0.003981844001922483,0.005365421741557473,0.014874568836682468,0.01592014133695652
Linear Regression,2025-10-08,52,0.004917031097129505,0.007232575975653535,0.01686826635761037,0.015360538750000001
Linear Regression,2025-10-09,41,0.0046000212606133635,0.00649702826934316,0.01606979787849429,0.015928454487804878
Linear Regression,2025-10-10,52,0.007541448378966114,0.009417437227337106,0.020600084407935596,0.01858249078846154
Linear Regression,2025-10-13,40,0.01723825097856674,0.02074797817922995,0.03214684617705639,0.0173573969625
Linear Regression,2025-10-14,45,0.021078670167733023,0.0226272178976115,0.03828169517219062,0.017279858044444447
Linear Regression,2025-10-15,54,0.017794028135199202,0.019616072273198663,0.036122601168851014,0.01894964988888889
Linear Regression,2025-10-16,62,0.014739690899926695,0.017696244086507343,0.03185821052700758,0.01734542844354839
Linear Regression,2025-10-17,55,0.014588343181788758,0.016918305985297016,0.031015138107944578,0.016477029927272728
Linear Regression,2025-10-20,65,0.007731859954094902,0.009894306448500943,0.02243951394652513,0.018457588753846153
Linear Regression,2025-10-21,47,0.009432115352481441,0.011122884364364117,0.025770465253872086,0.022532442659574468
Linear Regression,2025-10-22,45,0.007207931026094732,0.009086306700144164,0.019319541048672405,0.019564776755555555
Linear Regression,2025-10-23,45,0.0063387436584390515,0.008071202896595733,0.02140720233114224,0.020449871555555554
Linear Regression,2025-10-24,72,0.0063372873807438545,0.008150708296330836,0.01749933316023084,0.01983184291666667
Linear Regression,2025-10-27,78,0.008927756516356047,0.010196137606148896,0.019912064278450485,0.020508913012820512
Linear Regression,2025-10-28,125,0.01111273861378706,0.012551869383557401,0.028391784910112575,0.023099273727999997
Linear Regression,2025-10-29,102,0.008541907786360502,0.010855779085801813,0.029484848592284212,0.02428088469607843
Linear Regression,2025-10-30,182,0.008860158556213337,0.011105665279821396,0.023661890883346623,0.022199735532967033
Linear Regression,2025-10-31,99,0.008071877584444347,0.010616784080297986,0.02492793248684112,0.021295778727272726
Linear Regression,2025-11-03,61,0.006682241652229767,0.008141403502126585,0.026701006778805915,0.02390348721311475
Linear Regression,2025-11-04,64,0.0070986459474238,0.008539028052959252,0.018412030396575522,0.02076724165625
Linear Regression,2025-11-05,40,0.006084421611216756,0.00786450561692685,0.020668999373447093,0.018879127449999998
Linear Regression,2025-11-06,41,0.004121703020856213,0.005396891305097083,0.02061274661341814,0.018779940780487805
Linear Regression,2025-11-07,41,0.006420851001307146,0.00790128856064579,0.017763100893849946,0.018860374892682927
Linear Regression,2025-11-10,57,0.006644081389894533,0.008973162705079701,0.017659802218539626,0.019303070798245614
Linear Regression,2025-11-11,52,0.005755910574282448,0.007545901502144708,0.015123921437547129,0.019566499288461544
Linear Regression,2025-11-12,34,0.009157693336908596,0.009854747539549204,0.01426352911135725,0.019969267029411764
Linear Regression,2025-11-13,47,0.006717791175379631,0.007947263664823572,0.014578079121147659,0.02024277221276596
Linear Regression,2025-11-14,71,0.007929227610615123,0.008844077541823142,0.015050731471437975,0.020260152633802812
Linear Regression,2025-11-17,78,0.011362012683882993,0.012726432384230718,0.010445172877576247,0.021691542474358973
Linear Regression,2025-11-18,43,0.006469005557859302,0.00769339738320516,0.0156158622960711,0.021868106976744187
Linear Regression,2025-11-19,68,0.004799254206325183,0.006423562007227637,0.020412673434132993,0.019026616029411764
Linear Regression,2025-11-20,40,0.0035439472364998093,0.0044466300326118135,0.017775878380052706,0.019245338525
Linear Regression,2025-11-21,47,0.005729281546334482,0.007598991089800955,0.01777388666697,0.01966533255319149
Linear Regression,2025-11-24,74,0.004513704156010243,0.005844662704001152,0.01743150676122384,0.018993815891891894
Linear Regression,2025-11-25,57,0.004166748913853044,0.004979751895675803,0.013550991862358698,0.016580012815789472
Linear Regression,2025-11-26,59,0.006973004965746362,0.008620906813853017,0.015499657493526603,0.017259112830508475
Linear Regression,2025-11-27,192,0.00572119219749657,0.006973631492225782,0.017676361846194248,0.015574465250000002
Linear Regression,2025-11-28,90,0.005120463712682173,0.006388026208790087,0.016510819092703327,0.017754491172222223
Linear Regression,2025-12-01,66,0.007204347873516251,0.009118218263544186,0.01761973041081515,0.01724142010606061
Linear Regression,2025-12-02,72,0.005628424448220987,0.007288938229231449,0.017712897472342223,0.018034723104166667
Linear Regression,2025-12-03,61,0.006552444747545722,0.007757228036532993,0.015556548699186918,0.016419113540983604
Linear Regression,2025-12-04,46,0.008214470061250097,0.010420324360844177,0.013738532672109758,0.016489277706521737
Linear Regression,2025-12-05,50,0.006742734855292651,0.009330817470875413,0.019886362818069717,0.01741184239
Linear Regression,2025-12-08,66,0.006276383722260596,0.008419643580115807,0.019471998322952606,0.01663439206818182
Linear Regression,2025-12-09,36,0.011170816606877451,0.013107133058088272,0.025395777774974652,0.015389124527777779
Linear Regression,2025-12-10,44,0.012069669505430819,0.01512809913462121,0.024844142005101485,0.016670790613636362
Linear Regression,2025-12-11,53,0.015672910968696895,0.01766955252589955,0.03230846336744019,0.016749040188679246
Linear Regression,2025-12-12,48,0.006786511735814099,0.008600976809577622,0.021237770716349257,0.015805283958333333
Linear Regression,2025-12-15,61,0.004392473738495781,0.005161346918261394,0.017470579976063244,0.01725912872131147
Linear Regression,2025-12-16,67,0.004405077494962589,0.005801227184562794,0.017891479093136587,0.01812029595522388
Linear Regression,2025-12-17,118,0.004338493741740278,0.005725810405458978,0.014813487242386339,0.015538215572033899
Linear Regression,2025-12-18,46,0.004863526464730785,0.0075803555275000874,0.01578389804648311,0.015949954130434783
Linear Regression,2025-12-19,62,0.005329160596633407,0.008076972984476818,0.01892630864805988,0.01794187477419355
Linear Regression,2025-12-22,86,0.00808053422893207,0.010632487511603752,0.016860676490766658,0.01968250716744186
Linear Regression,2025-12-23,68,0.008086572441677094,0.010574185710922676,0.01973986101117639,0.019136625227941177
Linear Regression,2025-12-24,74,0.007615242995678952,0.010565591825384087,0.017915854246254855,0.018171954804054057
Random Forest,2025-07-31,38,0.004897748442199371,0.00611014917242589,0.02602467791324379,0.022954866631578946
Random Forest,2025-08-01,56,0.0068262074927051474,0.008492678312279586,0.02270971175416234,0.020649420535714287
Random Forest,2025-08-04,93,0.00899673959502514,0.010416371731904295,0.020052293400650657,0.020769035016129027
Random Forest,2025-08-05,64,0.007413121206870934,0.008384853843629072,0.017234828395885367,0.020257859140625
Random Forest,2025-08-06,43,0.00739752541091844,0.008318156067474004,0.018395411998553286,0.018913481372093022
Random Forest,2025-08-07,84,0.006862644913604517,0.008801127133065275,0.021382174421367854,0.020424351672619048
Random Forest,2025-08-08,52,0.007351797236824082,0.008810047275123052,0.02204600044597795,0.02192306535576923
Random Forest,2025-08-11,66,0.006777529846493798,0.008555343027585989,0.0204010240197407,0.019982977916666665
Random Forest,2025-08-12,89,0.008101013201638554,0.009280708048359806,0.02237273580290037,0.019950562258426962
Random Forest,2025-08-13,91,0.007336604243595748,0.009710080392349503,0.02444609407601608,0.022596204401098906
Random Forest,2025-08-14,95,0.007781595778616659,0.009960013421934904,0.023455602744300075,0.01996177884736842
Random Forest,2025-08-15,86,0.009684711051962985,0.014002952107767516,0.02891002045294569,0.02185265062209302
Random Forest,2025-08-18,83,0.01499900552020797,0.020641232145194234,0.03491221956280336,0.023627702716867472
Random Forest,2025-08-19,50,0.01953229962727891,0.023800985969036945,0.04020799636840816,0.02168609946
Random Forest,2025-08-20,40,0.015384489337981144,0.018586727159286442,0.03783446820452806,0.023237310525
Random Forest,2025-08-21,58,0.013383080829797363,0.016113685191230964,0.03664916458314859,0.023856369517241374
Random Forest,2025-08-22,42,0.011769837011029556,0.014356711639900249,0.027782208774061394,0.021428242095238095
Random Forest,2025-08-25,76,0.0068607333762765845,0.008283070142223393,0.022652441476422664,0.025275870460526314
Random Forest,2025-08-26,69,0.012106857996120494,0.013221228084726618,0.016923747862270726,0.028732295724637674
Random Forest,2025-08-27,117,0.009673230521715646,0.012063495054225172,0.02378928370805628,0.024072459752136757
Random Forest,2025-08-28,96,0.006687381475670491,0.008130549378957996,0.021611958686359335,0.021721821916666672
Random Forest,2025-08-29,216,0.008858927716363816,0.011498484750329982,0.025899308216240625,0.023061007703703704
Random Forest,2025-09-03,140,0.006190488170170741,0.008089474829670512,0.023662234260700587,0.023062431135714285
Random Forest,2025-09-04,59,0.0071149884339762656,0.008982306993295684,0.02243107277110719,0.02178574754237288
Random Forest,2025-09-05,82,0.00653928860527268,0.008590438670627434,0.024520005079599543,0.02398984390243902
Random Forest,2025-09-08,65,0.008556643754203213,0.010346373939505757,0.017405288458730125,0.02490487226923077
Random Forest,2025-09-09,71,0.007084229884650589,0.00882355276727693,0.015949858503389903,0.021004383000000005
Random Forest,2025-09-10,24,0.00794671382083165,0.009090742016782264,0.01925560866948211,0.0230489050625
Random Forest,2025-09-11,38,0.010936332598814371,0.01266249924634766,0.014074166869058385,0.021545448552631585
Random Forest,2025-09-12,61,0.010222081462715681,0.011748308755337755,0.01751727308146651,0.02214872543442623
Random Forest,2025-09-15,53,0.007981612399221008,0.009208160596573272,0.012974150654561067,0.019859827113207548
Random Forest,2025-09-16,51,0.009217553718582619,0.012622258662165842,0.016258406014565116,0.021412272666666666
Random Forest,2025-09-17,45,0.006104250787154786,0.007202349062785366,0.017092690947982946,0.021221926533333334
Random Forest,2025-09-18,53,0.00568996673633345,0.006881843424986785,0.016482999539529895,0.020728095716981133
Random Forest,2025-09-19,53,0.00632555991152061,0.007265207911658567,0.018907077074542877,0.022402345943396226
Random Forest,2025-09-22,58,0.007072084858932921,0.008614828963063006,0.015488993248035115,0.01930160078448276
Random Forest,2025-09-23,31,0.007964146323378055,0.009205525380231117,0.019436202132173074,0.024245582774193544
Random Forest,2025-09-24,42,0.007694630927085565,0.008571934512421844,0.011906958417966917,0.019043906785714285
Random Forest,2025-09-25,39,0.005378518156219931,0.006188877661529797,0.013942318311772995,0.01775521646153846
Random Forest,2025-09-26,50,0.006574498438489968,0.007399708029814264,0.014641798827797137,0.01899045656
Random Forest,2025-09-29,68,0.010219542195984577,0.01307963716645365,0.02591773210202941,0.017059533808823527
Random Forest,2025-09-30,47,0.008858050777242287,0.01072548248426621,0.023819446266490046,0.01621583235106383
Random Forest,2025-10-01,45,0.006945620650195108,0.00865451791988419,0.020093327822784533,0.01751429938888889
Random Forest,2025-10-02,54,0.009844953131717238,0.011914639797744386,0.024621142992853232,0.016628623157407405
Random Forest,2025-10-03,44,0.007132664714300987,0.008468905544609464,0.022036644905297543,0.016552856522727272
Random Forest,2025-10-06,63,0.00651704900750875,0.00805611536986762,0.020151723834079836,0.021088334369841272
Random Forest,2025-10-07,46,0.004536198482370605,0.0058287655779269785,0.014874568836682468,0.016385134532608692
Random Forest,2025-10-08,52,0.005093713863330331,0.0071900109455788255,0.01686826635761037,0.01664520455769231
Random Forest,2025-10-09,41,0.005012654260271333,0.006649091503985247,0.01606979787849429,0.01624316904634146
Random Forest,2025-10-10,52,0.007795267144833768,0.009770091124906732,0.020600084407935596,0.018446424698076926
Random Forest,2025-10-13,40,0.016901397753566742,0.020434775744154924,0.03214684617705639,0.0172661004875
Random Forest,2025-10-14,45,0.020454826249968396,0.022105827423120755,0.03828169517219062,0.01782686892222222
Random Forest,2025-10-15,54,0.01733745207964365,0.019129785749268147,0.036122601168851014,0.01940953190740741
Random Forest,2025-10-16,62,0.014570025401539599,0.017447363779165066,0.03185821052700758,0.017586785296774196
Random Forest,2025-10-17,55,0.01499876863851757,0.017341716192704942,0.031015138107944578,0.01619046421818182
Random Forest,2025-10-20,65,0.007299727006001814,0.009665254567170652,0.02243951394652513,0.018103679676923074
Random Forest,2025-10-21,47,0.009235341640271441,0.011244813352032796,0.025770465253872086,0.022611559144680847
Random Forest,2025-10-22,45,0.007437555297392855,0.009221084135416264,0.019319541048672405,0.019540001333333338
Random Forest,2025-10-23,45,0.006065778693635689,0.007949376395089781,0.02140720233114224,0.020868017866666665
Random Forest,2025-10-24,72,0.00630535192616932,0.008267427279587807,0.01749933316023084,0.019627386756944445
Random Forest,2025-10-27,78,0.008658672738371663,0.010151209205194295,0.019912064278450485,0.02015167075
Random Forest,2025-10-28,125,0.012429559210154,0.0141305841381577,0.028391784910112575,0.021492475860000002
Random Forest,2025-10-29,102,0.009309823016047708,0.01189336660939794,0.029484848592284212,0.02258579480392157
Random Forest,2025-10-30,182,0.0089369003412953,0.011221584311867216,0.023661890883346623,0.02097029393131868
Random Forest,2025-10-31,99,0.008572232865942027,0.011173301518132422,0.02492793248684112,0.020405205752525253
Random Forest,2025-11-03,61,0.0065169816711166135,0.00819570653578746,0.026701006778805915,0.022457131778688525
Random Forest,2025-11-04,64,0.006879773815743404,0.008354077471312801,0.018412030396575522,0.020907020078125
Random Forest,2025-11-05,40,0.00697479603638467,0.008388014993183701,0.020668999373447093,0.0206877622625
Random Forest,2025-11-06,41,0.004183072482794856,0.005294724293911305,0.02061274661341814,0.018630071182926828
Random Forest,2025-11-07,41,0.006336421876916904,0.0077714761593072005,0.017763100893849946,0.019442387670731708
Random Forest,2025-11-10,57,0.007449751110459671,0.009918593273595348,0.017659802218539626,0.019811904824561404
Random Forest,2025-11-11,52,0.006385193316741861,0.008209314878855335,0.015123921437547129,0.019844455884615385
Random Forest,2025-11-12,34,0.008592420292790953,0.009251119986576056,0.01426352911135725,0.019650239455882353
Random Forest,2025-11-13,47,0.0064645975085859606,0.007633557629579201,0.014578079121147659,0.019900158489361705
Random Forest,2025-11-14,71,0.008120529677717888,0.00897687754352322,0.015050731471437975,0.02051188021126761
Random Forest,2025-11-17,78,0.010588756106959914,0.012076678502981095,0.010445172877576247,0.020712893615384614
Random Forest,2025-11-18,43,0.005800416883440696,0.00716230829776918,0.0156158622960711,0.02102910988372093
Random Forest,2025-11-19,68,0.005568466615162241,0.007483369985299044,0.020412673434132993,0.01896791882352941
Random Forest,2025-11-20,40,0.0028819447410191905,0.0033577748515690475,0.017775878380052706,0.01883954305
Random Forest,2025-11-21,47,0.005611652715244243,0.007470525764348729,0.01777388666697,0.019440319329787237
Random Forest,2025-11-24,74,0.004527919088554746,0.005945047185760767,0.01743150676122384,0.018587784567567565
Random Forest,2025-11-25,57,0.0042996650437153285,0.005166246006953741,0.013550991862358698,0.01688906446491228
Random Forest,2025-11-26,59,0.006829258734353778,0.008215141576340672,0.015499657493526603,0.017570347254237288
Random Forest,2025-11-27,192,0.005528651401953962,0.006640219324406571,0.017676361846194248,0.016770479388020832
Random Forest,2025-11-28,90,0.004806185728421659,0.0057484201010468685,0.016510819092703327,0.01697521032222222
Random Forest,2025-12-01,66,0.0065841845932132215,0.008744095132098308,0.01761973041081515,0.016830998340909092
Random Forest,2025-12-02,72,0.005356053524329916,0.007085235161861664,0.017712897472342223,0.01709574029861111
Random Forest,2025-12-03,61,0.0055539221063932885,0.0073364255306297265,0.015556548699186918,0.015544170081967214
Random Forest,2025-12-04,46,0.008313710332989228,0.010438081939401146,0.013738532672109758,0.016780829717391307
Random Forest,2025-12-05,50,0.006686293447630926,0.009336724752560704,0.019886362818069717,0.01728986623
Random Forest,2025-12-08,66,0.006543551212850772,0.008823202988705878,0.019471998322952606,0.015577658527272725
Random Forest,2025-12-09,36,0.010970632745766337,0.012991421757353449,0.025395777774974652,0.01595790061111111
Random Forest,2025-12-10,44,0.012267764823612637,0.015036086004646095,0.024844142005101485,0.016256707886363637
Random Forest,2025-12-11,53,0.01582530288379124,0.017807730738238905,0.03230846336744019,0.01669447138679245
Random Forest,2025-12-12,48,0.007135358860814099,0.009573091116418636,0.021237770716349257,0.017707003854166667
Random Forest,2025-12-15,61,0.004608841461665821,0.005466667809242754,0.017470579976063244,0.018037501327868848
Random Forest,2025-12-16,67,0.0046331764774263885,0.006668279996364699,0.017891479093136587,0.018059023985074626
Random Forest,2025-12-17,118,0.005598564441657502,0.006897145827545802,0.014813487242386339,0.01634580538135593
Random Forest,2025-12-18,46,0.004240756807381112,0.007048893238077803,0.01578389804648311,0.015414119684782606
Random Forest,2025-12-19,62,0.005124304927729949,0.0071074318986812995,0.01892630864805988,0.018010012506451612
Random Forest,2025-12-22,86,0.00791042870202045,0.010629150306279585,0.016860676490766658,0.019058399290697674
Random Forest,2025-12-23,68,0.008969018157511834,0.011539113973297406,0.01973986101117639,0.01793827245294118
Random Forest,2025-12-24,74,0.007148440854948089,0.009941690491851542,0.017915854246254855,0.018281086290540538
Rolling Volatility,2025-07-31,38,0.0047847157239935285,0.005629502385707681,0.02602467791324379,0.025338762657894736
Rolling Volatility,2025-08-01,56,0.007104034363439033,0.008250823226829799,0.02270971175416234,0.02370589628571429
Rolling Volatility,2025-08-04,93,0.009832153058518457,0.011754547299759062,0.020052293400650657,0.02326204946774194
Rolling Volatility,2025-08-05,64,0.007213085804920063,0.009072491302264694,0.017234828395885367,0.0221954290359375
Rolling Volatility,2025-08-06,43,0.006985702937738359,0.008443136788109736,0.018395411998553286,0.019688259995348838
Rolling Volatility,2025-08-07,84,0.008175634743407123,0.010125267056653064,0.021382174421367854,0.02400004916666667
Rolling Volatility,2025-08-08,52,0.0076705824925630255,0.010122058852149608,0.02204600044597795,0.02628877118461538
Rolling Volatility,2025-08-11,66,0.007429174993777566,0.009867553324281644,0.0204010240197407,0.02479241163181818
Rolling Volatility,2025-08-12,89,0.007334480524298058,0.00945048338984553,0.02237273580290037,0.023163444984269668
Rolling Volatility,2025-08-13,91,0.008408565963407028,0.010373617659641987,0.02444609407601608,0.027440555978021978
Rolling Volatility,2025-08-14,95,0.007634889765485405,0.008930810907898587,0.023455602744300075,0.024577596610526314
Rolling Volatility,2025-08-15,86,0.008840402101107437,0.013124710399052242,0.02891002045294569,0.02523512507558139
Rolling Volatility,2025-08-18,83,0.014530849698569343,0.01940880303721294,0.03491221956280336,0.026726429245783126
Rolling Volatility,2025-08-19,50,0.01533704965139272,0.019220832545998486,0.04020799636840816,0.0266523173
Rolling Volatility,2025-08-20,40,0.011827267616195417,0.014402813748229989,0.03783446820452806,0.027817849525
Rolling Volatility,2025-08-21,58,0.01059757887551521,0.012874941761972132,0.03664916458314859,0.028112957510344826
Rolling Volatility,2025-08-22,42,0.010176083549538298,0.012324174712595821,0.027782208774061394,0.02365211589047619
Rolling Volatility,2025-08-25,76,0.008141062811247227,0.010314573139940319,0.022652441476422664,0.02860542738157894
Rolling Volatility,2025-08-26,69,0.01495897406858426,0.016114973923664313,0.016923747862270726,0.031493233536231895
Rolling Volatility,2025-08-27,117,0.011553414847143447,0.013030729287077481,0.02378928370805628,0.027560255273504274
Rolling Volatility,2025-08-28,96,0.007083305899969603,0.008693665905106772,0.021611958686359335,0.023737010947916665
Rolling Volatility,2025-08-29,216,0.008774716771805878,0.010965511971156217,0.025899308216240625,0.026856652397685192
Rolling Volatility,2025-09-03,140,0.007255068159599528,0.008566340003553493,0.023662234260700587,0.026094477042857146
Rolling Volatility,2025-09-04,59,0.0067722309774214786,0.008531716245570885,0.02243107277110719,0.026163374101694916
Rolling Volatility,2025-09-05,82,0.006941124366327509,0.009213990181863696,0.024520005079599543,0.02943491751341463
Rolling Volatility,2025-09-08,65,0.011711864438588612,0.013902509992539868,0.017405288458730125,0.028677998184615378
Rolling Volatility,2025-09-09,71,0.009801229087690775,0.012264895383697086,0.015949858503389903,0.025200865769014077
Rolling Volatility,2025-09-10,24,0.011917185728474574,0.014650227410043171,0.01925560866948211,0.028663046291666664
Rolling Volatility,2025-09-11,38,0.01521399791785819,0.018223399941443463,0.014074166869058385,0.028094210149999996
Rolling Volatility,2025-09-12,61,0.013823270175600278,0.0167439673459645,0.01751727308146651,0.02855669951803279
Rolling Volatility,2025-09-15,53,0.010816534788889009,0.013862014387118805,0.012974150654561067,0.02327805809433962
Rolling Volatility,2025-09-16,51,0.01308270671128608,0.016917281278083774,0.016258406014565116,0.025796897882352943
Rolling Volatility,2025-09-17,45,0.009873750188219026,0.011912174472753981,0.017092690947982946,0.026655853244444448
Rolling Volatility,2025-09-18,53,0.008472843389766085,0.010117262154250595,0.016482999539529895,0.024420969794339626
Rolling Volatility,2025-09-19,53,0.009625063291248044,0.011324264157720483,0.018907077074542877,0.027628912877358493
Rolling Volatility,2025-09-22,58,0.010293420914768814,0.012206071847502165,0.015488993248035115,0.023943410439655175
Rolling Volatility,2025-09-23,31,0.011234400309108146,0.013082433270722019,0.019436202132173074,0.029006722838709677
Rolling Volatility,2025-09-24,42,0.012362659532821388,0.013487702467472386,0.011906958417966917,0.024102192761904766
Rolling Volatility,2025-09-25,39,0.008451247210589511,0.009825014615992169,0.013942318311772995,0.02145843898205128
Rolling Volatility,2025-09-26,50,0.008831200500049066,0.0102253443493064,0.014641798827797137,0.021988850034
Rolling Volatility,2025-09-29,68,0.00881701815855436,0.01112962386945036,0.02591773210202941,0.019336095007352935
Rolling Volatility,2025-09-30,47,0.007730060175850074,0.009659419128664708,0.023819446266490046,0.018289070276595747
Rolling Volatility,2025-10-01,45,0.007333906669422285,0.009452385760269575,0.020093327822784533,0.018786609711111107
Rolling Volatility,2025-10-02,54,0.007359972110865417,0.009346042896394735,0.024621142992853232,0.02014648902777778
Rolling Volatility,2025-10-03,44,0.006484106026330133,0.007669498178641897,0.022036644905297543,0.017741977375
Rolling Volatility,2025-10-06,63,0.006331422055975467,0.0076366198654941675,0.020151723834079836,0.022805957388888888
Rolling Volatility,2025-10-07,46,0.004468730102728778,0.005939979681169995,0.014874568836682468,0.017360901913043476
Rolling Volatility,2025-10-08,52,0.00540220703915738,0.0072320963438189684,0.01686826635761037,0.01877179265
Rolling Volatility,2025-10-09,41,0.005973700985318953,0.007327990330541616,0.01606979787849429,0.018168030014634146
Rolling Volatility,2025-10-10,52,0.007254681323403368,0.008780394092072284,0.020600084407935596,0.021258666182692305
Rolling Volatility,2025-10-13,40,0.01538123789868311,0.01917792102090492,0.03214684617705639,0.02022028126
Rolling Volatility,2025-10-14,45,0.01841222772328858,0.019941001046118328,0.03828169517219062,0.020035254577777776
Rolling Volatility,2025-10-15,54,0.016791141792606615,0.018650466608129496,0.036122601168851014,0.01984748849074074
Rolling Volatility,2025-10-16,62,0.013937336601539597,0.017170914349498273,0.03185821052700758,0.018426278612903222
Rolling Volatility,2025-10-17,55,0.014313188769864144,0.016410100501111163,0.031015138107944578,0.01752362758
Rolling Volatility,2025-10-20,65,0.006443153008571701,0.008598796685735753,0.02243951394652513,0.019133589096923073
Rolling Volatility,2025-10-21,47,0.008356766260115334,0.010924024465379404,0.025770465253872086,0.024688101144680848
Rolling Volatility,2025-10-22,45,0.007328687787265575,0.008798992436957118,0.019319541048672405,0.020553446142222223
Rolling Volatility,2025-10-23,45,0.007109229200194162,0.0082248852313067,0.02140720233114224,0.02564838164444444
Rolling Volatility,2025-10-24,72,0.007363618819741717,0.008992544196641966,0.01749933316023084,0.02311907234722222
Rolling Volatility,2025-10-27,78,0.009201001374924687,0.010878360197751045,0.019912064278450485,0.021486799151282054
Rolling Volatility,2025-10-28,125,0.009739802261519806,0.011138403918555962,0.028391784910112575,0.024883180756800006
Rolling Volatility,2025-10-29,102,0.006325431720243811,0.008083811612810942,0.029484848592284212,0.027440499980392153
Rolling Volatility,2025-10-30,182,0.008846059973478013,0.01106102501717981,0.023661890883346623,0.025084392093406595
Rolling Volatility,2025-10-31,99,0.007490162150625907,0.009612554378771879,0.02492793248684112,0.02449315258888889
Rolling Volatility,2025-11-03,61,0.006814072315751396,0.007879729559389724,0.026701006778805915,0.027369270942622956
Rolling Volatility,2025-11-04,64,0.00920341666654509,0.010562726911585281,0.018412030396575522,0.024812247843750003
Rolling Volatility,2025-11-05,40,0.007746255665930765,0.009542027376793914,0.020668999373447093,0.024124056435000003
Rolling Volatility,2025-11-06,41,0.0056850599438354795,0.00678321768929273,0.02061274661341814,0.024727176707317073
Rolling Volatility,2025-11-07,41,0.01003440660993307,0.011511117966061945,0.017763100893849946,0.024636039048780492
Rolling Volatility,2025-11-10,57,0.010933132004511813,0.013118047319907797,0.017659802218539626,0.02571184831578947
Rolling Volatility,2025-11-11,52,0.00992829518226712,0.011772661974823044,0.015123921437547129,0.024994933980769234
Rolling Volatility,2025-11-12,34,0.0125247998369086,0.01386157858849483,0.01426352911135725,0.025085657764705883
Rolling Volatility,2025-11-13,47,0.011654670324559134,0.012699132029188348,0.014578079121147659,0.025866319127659573
Rolling Volatility,2025-11-14,71,0.011401187293900076,0.012430446472726519,0.015050731471437975,0.024752882816901408
Rolling Volatility,2025-11-17,78,0.016253948160885292,0.017709799302833555,0.010445172877576247,0.02669912103846154
Rolling Volatility,2025-11-18,43,0.010456952129510297,0.011904857617044512,0.0156158622960711,0.0260728144255814
Rolling Volatility,2025-11-19,68,0.005585690208404156,0.0070984359758238,0.020412673434132993,0.023116577352941176
Rolling Volatility,2025-11-20,40,0.006274091454220801,0.007441893057867657,0.017775878380052706,0.023896047375
Rolling Volatility,2025-11-21,47,0.008446766176321757,0.009952856676381244,0.01777388666697,0.02379700210638298
Rolling Volatility,2025-11-24,74,0.006839069898875486,0.008482812223479548,0.01743150676122384,0.02303740110810811
Rolling Volatility,2025-11-25,57,0.0062105339307865605,0.007135353848708517,0.013550991862358698,0.01968754521754386
Rolling Volatility,2025-11-26,59,0.008808468141287327,0.010871744438147708,0.015499657493526603,0.020901129228813563
Rolling Volatility,2025-11-27,192,0.006206947452786782,0.007421466330246192,0.017676361846194248,0.019165478346354167
Rolling Volatility,2025-11-28,90,0.006817223449408816,0.008476000664654901,0.016510819092703327,0.020525199272222225
Rolling Volatility,2025-12-01,66,0.008710080294648802,0.009847784164344625,0.01761973041081515,0.02025325906060606
Rolling Volatility,2025-12-02,72,0.006124713114779624,0.007963018978201323,0.017712897472342223,0.019843926652777774
Rolling Volatility,2025-12-03,61,0.007202801532622796,0.00826113615502869,0.015556548699186918,0.017294407213114753
Rolling Volatility,2025-12-04,46,0.008025255115597926,0.010456007693868877,0.013738532672109758,0.0168162240652174
Rolling Volatility,2025-12-05,50,0.006380224553198058,0.009136152719409624,0.019886362818069717,0.01797432703
Rolling Volatility,2025-12-08,66,0.006587691435499491,0.00889235864126482,0.019471998322952606,0.01585781861212121
Rolling Volatility,2025-12-09,36,0.010050584657977127,0.012074893345200639,0.025395777774974652,0.01621494029722222
Rolling Volatility,2025-12-10,44,0.01053937949325578,0.013952403883492498,0.024844142005101485,0.01799767725
Rolling Volatility,2025-12-11,53,0.014110322525300674,0.016245882087520667,0.03230846336744019,0.01827908070754717
Rolling Volatility,2025-12-12,48,0.00575234639778508,0.0075938994672479785,0.021237770716349257,0.0171935201125
Rolling Volatility,2025-12-15,61,0.004347628492344875,0.00552818204312762,0.017470579976063244,0.017551692332786882
Rolling Volatility,2025-12-16,67,0.004776588147195101,0.006470826244160728,0.017891479093136587,0.018983841686567162
Rolling Volatility,2025-12-17,118,0.004672242563886434,0.006707109001674527,0.014813487242386339,0.01645758246016949
Rolling Volatility,2025-12-18,46,0.004765185328015767,0.007426220064138291,0.01578389804648311,0.016345477326086957
Rolling Volatility,2025-12-19,62,0.005212590828163844,0.007480602000572255,0.01892630864805988,0.019587043325806453
Rolling Volatility,2025-12-22,86,0.008530738178897365,0.010739292535546523,0.016860676490766658,0.020525432158139532
Rolling Volatility,2025-12-23,68,0.009569371824967728,0.01131873925069456,0.01973986101117639,0.020786148039705882
Rolling Volatility,2025-12-24,74,0.007971422568554445,0.009628686652279218,0.017915854246254855,0.02115124101351351
