model,ticker,n,mae,rmse,mean_y_true,mean_y_pred
Full Model,AAA,22,0.006315479436156623,0.007577628466569572,0.016673358030278532,0.021490821454545454
Full Model,ABB,150,0.009889967773419661,0.012908440384123865,0.02359662706653273,0.015491758620000002
Full Model,ACB,139,0.00708667615206195,0.010164020417528572,0.013893282116330405,0.014418515881294966
Full Model,ACL,15,0.012545753520848753,0.01635202057563932,0.025990187066296713,0.0202890296
Full Model,ACV,30,0.006293343622140137,0.007099381844762787,0.014063618953029258,0.016139545416666665
Full Model,AGG,33,0.007865486584510358,0.009280391657744962,0.015822680977483544,0.020534068090909092
Full Model,AGR,26,0.015747409612306886,0.019513324234325922,0.03193087589282252,0.02275410607692308
Full Model,ANV,18,0.013237193960660561,0.01598070814442478,0.028068463473270282,0.016994074
Full Model,APH,12,0.008468860078974225,0.009453903945759132,0.015238300043468642,0.02176429083333334
Full Model,AST,15,0.006166172419012474,0.0080095056781969,0.016535519498089915,0.015952220866666665
Full Model,BAF,34,0.008168818878877958,0.010237328860330111,0.01166851770625827,0.016851014882352938
Full Model,BCM,104,0.008666550921030426,0.00950826908058424,0.013754381574332104,0.019732070721153846
Full Model,BFC,14,0.006820683881251157,0.008120583159670357,0.01677499841233444,0.020195007428571433
Full Model,BID,147,0.005567916831144233,0.00711533078630869,0.01542633287228487,0.014108186673469386
Full Model,BMP,17,0.013223524961802723,0.014710513563702707,0.020044542739496466,0.021108491705882353
Full Model,BSI,40,0.009725689383291849,0.010870120563670819,0.020849076542071947,0.02225117715
Full Model,BSR,122,0.014340831699070635,0.019919817008243485,0.028341534589493567,0.01654555849590164
Full Model,BWE,60,0.00592138130871124,0.007105290893426457,0.01076264783429598,0.01453041825
Full Model,C4G,20,0.004734429583748155,0.005067018942146576,0.01914835702627892,0.021133972100000002
Full Model,CMG,30,0.007285080846327772,0.008523323492247383,0.016959746244053,0.018392794650000002
Full Model,CRE,42,0.010662054344429786,0.01281253811300847,0.03119663463994147,0.021729811333333335
Full Model,CSV,35,0.007283627075238022,0.008735733826875166,0.019796141609549463,0.020617039457142855
Full Model,CTD,48,0.01003213556476168,0.012597138735234943,0.023753221884059355,0.020953741041666668
Full Model,CTG,113,0.007640215808266712,0.009505921207039898,0.01768970522469118,0.014060058862831858
Full Model,CTS,96,0.009483853941602062,0.012570479908873137,0.029397522041108404,0.02242392292708333
Full Model,DBC,34,0.004923608585061491,0.007240035020728307,0.01732885391752722,0.017971483411764706
Full Model,DBD,32,0.009917020060215446,0.010457515365676419,0.006282077105424784,0.016095327796875
Full Model,DCM,20,0.0071220866702858005,0.009989396408128529,0.020234979363158302,0.020968491899999993
Full Model,DGC,34,0.01125215313350524,0.013109481325748691,0.01971978472326602,0.021021627279411762
Full Model,DGW,55,0.009436780323214263,0.01186035317107556,0.02320613246411081,0.015730975127272732
Full Model,DHG,10,0.0098458040928649,0.011546508118028282,0.00850917657371606,0.0179075644
Full Model,DIG,146,0.012899160290172733,0.016589886668081002,0.03343562774156051,0.021986724431506847
Full Model,DMC,18,0.00902317992001969,0.009483693414087759,0.007250579746646978,0.016273759666666665
Full Model,DPG,55,0.008414632187514627,0.010329585102936807,0.024710472097450985,0.020457342054545455
Full Model,DPM,77,0.008650401900045531,0.010326503676221666,0.017930137066097963,0.0212500932987013
Full Model,DXG,121,0.014657918665182684,0.01788939338766907,0.033914397817012644,0.021582546338842976
Full Model,EIB,36,0.009786082185590182,0.0133382192886644,0.024024728478656828,0.015379330583333331
Full Model,ELC,31,0.008384078685808417,0.009718509123144063,0.012348696604491196,0.018341557193548387
Full Model,FCN,21,0.006631367821531194,0.009425378856851428,0.024439580561149647,0.020826530904761904
Full Model,FMC,14,0.005623285730139948,0.0068856591829241694,0.009778602198431479,0.01540188792857143
Full Model,FOX,20,0.01031518599562924,0.011227940716929103,0.017639097152277784,0.018550117750000004
Full Model,FPT,74,0.00588671169592038,0.007129754177057596,0.018417731084785303,0.018792831918918916
Full Model,FRT,24,0.00681298110975248,0.008690723526373373,0.016519368509761937,0.0180828998125
Full Model,FTS,30,0.007821840109981217,0.009987660005576696,0.021687978537132294,0.021822949800000005
Full Model,GAS,38,0.006494706014385832,0.007915892353752908,0.015464747361348593,0.01513774152631579
Full Model,GEG,22,0.005645378174241082,0.006458823497178857,0.016169416019692965,0.015260593409090915
Full Model,GEX,41,0.014717385916536069,0.018623946749116126,0.03136492963516852,0.018469446585365853
Full Model,GMD,35,0.007100111468346815,0.008721939157166462,0.019711395233337318,0.017496184185714286
Full Model,GVR,23,0.0075523183611305115,0.010048703196021828,0.02184238122857132,0.020581935565217396
Full Model,HAH,46,0.008387110452382732,0.011282354197148101,0.02286884798060937,0.017698551586956518
Full Model,HCM,197,0.008275585078698432,0.009660462040790964,0.01944448340088502,0.02201176556345178
Full Model,HDB,123,0.011272645725782154,0.015294584044677656,0.024143592575640648,0.014473878544715447
Full Model,HDG,22,0.013716559280863743,0.016234679329209467,0.03331156616861167,0.022949047818181814
Full Model,HHV,35,0.006566326333507617,0.007921752805343737,0.023008519291345522,0.02056703382857143
Full Model,HPG,49,0.0066617134936132975,0.0077972264238386196,0.019528099962947267,0.021040810285714286
Full Model,HSG,28,0.009490437601456571,0.010574932997155796,0.014155764199261092,0.02048723221428572
Full Model,IDI,15,0.00473791249713332,0.005293469364783861,0.01611659570286668,0.020854508199999996
Full Model,IJC,95,0.005489864145138398,0.007228596471147967,0.021944307094733915,0.02065498530526316
Full Model,IMP,16,0.006563907488888788,0.00798412125704179,0.01466846957919184,0.016889635562499998
Full Model,JVC,47,0.014259178584061762,0.015800176300578343,0.027190391093175413,0.01704894117021277
Full Model,KBC,38,0.0080772229952187,0.00996041442592929,0.024181161884610544,0.020842786
Full Model,KDC,52,0.006320516444168381,0.008492619410073354,0.012355966068123635,0.013260555596153847
Full Model,KDH,90,0.00887790494953626,0.010611977486978334,0.02245367867872114,0.022198356722222225
Full Model,LCG,29,0.01679015093194262,0.019928347779143152,0.03151400377652763,0.020328332206896556
Full Model,LPB,89,0.008908659176300675,0.011256817083307752,0.021081763361528307,0.014725326713483148
Full Model,LTG,6,0.0049740334575346335,0.005436293578746997,0.0091240843757987,0.014098117833333333
Full Model,MBB,113,0.008057672063245588,0.009977050617480391,0.01964542895670877,0.014230300106194691
Full Model,MSB,197,0.009341345977913732,0.013722787532533193,0.021826389626254702,0.014681688299492388
Full Model,MSN,86,0.007656198870736776,0.010140811841215775,0.019276200717878153,0.018221778186046516
Full Model,MWG,53,0.0068579675813301355,0.008643308467300288,0.02063988012103535,0.017437005216981133
Full Model,NKG,21,0.006424118114484247,0.00736318029294104,0.02361742775177667,0.021673754238095238
Full Model,NLG,83,0.009739523441673389,0.012966763832531931,0.027815092388675102,0.020605144481927712
Full Model,NT2,11,0.008754013797511463,0.011603162066592225,0.023676105097613517,0.01570004745454545
Full Model,NTL,31,0.007370190646643422,0.010466012255297277,0.023941339714632838,0.020489138838709682
Full Model,OCB,113,0.008149260562980673,0.01346765711300961,0.01928265971766236,0.013982113044247789
Full Model,ORS,63,0.011526476195494776,0.01461437605528507,0.029841333539003388,0.02368612871428571
Full Model,PAN,50,0.01017394685727846,0.011665481778036814,0.019282385390251826,0.01811394542
Full Model,PC1,43,0.009553773087973644,0.012645601216803175,0.023629851357708093,0.020259509255813955
Full Model,PDR,146,0.010721232875978598,0.013463123905730064,0.029843578676450693,0.0225859781369863
Full Model,PGV,21,0.007486968803101975,0.008554976249371056,0.010075806928355004,0.013946061452380951
Full Model,PHR,26,0.006131199617828708,0.008533180842080119,0.01404464671101703,0.02006683815384615
Full Model,PLX,38,0.00393569284671006,0.0052132323438328805,0.014238528061756125,0.016009656723684207
Full Model,PNJ,71,0.00635699589422029,0.008317742100639186,0.011517998500084331,0.015026390626760562
Full Model,POW,36,0.006910599517417831,0.009512274290735945,0.020491466029650605,0.016015372777777773
Full Model,PPC,10,0.006465867078312909,0.00737390696464482,0.0076609022216870895,0.014126769299999998
Full Model,PVD,68,0.00680069887730062,0.009010889389508654,0.02004692270694406,0.01666708664705882
Full Model,PVS,19,0.010441221677306087,0.011931331211820632,0.018216073684590387,0.01674327655263158
Full Model,QNS,64,0.009895625407319301,0.010525213549103421,0.005938639998930698,0.01583426540625
Full Model,REE,48,0.006083705242231706,0.007168833637800394,0.011371248207675863,0.016399218375
Full Model,SAB,18,0.011586921660938072,0.012180660955400213,0.007538167061284149,0.019125088722222225
Full Model,SCR,23,0.009179904076128734,0.010393043826413326,0.023445139639079533,0.022681259739130436
Full Model,SCS,15,0.00479182298938526,0.0061132909912143645,0.011391277176638409,0.014588027046666667
Full Model,SGN,39,0.010180120537416465,0.011162844668544133,0.0060099917702758476,0.016190112307692302
Full Model,SHB,115,0.00794435238753618,0.011079857106340069,0.0203587345697957,0.014802538408695649
Full Model,SIP,34,0.0062657005869767735,0.007932266846655102,0.017667558509856435,0.019583861764705883
Full Model,SSB,156,0.009598047382064932,0.014008312873816304,0.019876637654259562,0.01405187344230769
Full Model,SSI,85,0.007379340722377682,0.008992717828879598,0.025628579353146653,0.02268925045882353
Full Model,STB,75,0.012723724301924012,0.015424012572319254,0.025151823653529033,0.013884122997333331
Full Model,SZC,70,0.006596195349550904,0.008159168826271752,0.016812298061060004,0.01879402574285714
Full Model,TCB,115,0.006657894177577712,0.008052296365383377,0.019002729727198197,0.01432889368695652
Full Model,TPB,221,0.00638380781136643,0.009916520519918296,0.019890625076157697,0.014359595165158372
Full Model,TRA,20,0.01045509932634515,0.011186033954901222,0.00701006292365485,0.01746516225
Full Model,VCB,59,0.00650588040260229,0.007337707030537076,0.013784048573697983,0.012942311974576272
Full Model,VCG,47,0.00697009342946953,0.008226727257189651,0.018613462772299597,0.01982675574468085
Full Model,VCI,143,0.0072754950656320795,0.008644992495706686,0.022759725919344997,0.022240726195804195
Full Model,VGI,16,0.004869440264260925,0.005823665388289188,0.018937476386781747,0.020258219124999997
Full Model,VHC,28,0.007420080820196668,0.009655887228617365,0.01844182954768513,0.016695688214285714
Full Model,VHM,54,0.011546411090584706,0.015568524740428065,0.026194923807418415,0.021374435018518517
Full Model,VIB,70,0.00809112544417301,0.011362411392430377,0.01854755140042727,0.014698687092857142
Full Model,VIC,112,0.011440239603438537,0.013796233135781204,0.02886247833625277,0.021106997839285713
Full Model,VIX,36,0.007241436556123369,0.010174195760528415,0.028926329790717964,0.02598569927777778
Full Model,VJC,47,0.013364640872282011,0.01648231341142089,0.02636591206364171,0.0174080990106383
Full Model,VND,82,0.00799980055198001,0.01214590372424235,0.025529703704594807,0.023397062414634146
Full Model,VNM,56,0.005696235063702932,0.007416355856356331,0.015398631196668598,0.01676407294642857
Full Model,VPB,97,0.0176646058860518,0.02280517732591645,0.031542584943325826,0.015240683298969073
Full Model,VRE,46,0.01362381952290488,0.01516421909654556,0.029299631441497893,0.022946243347826085
Full Model,VSC,48,0.02220798508598036,0.025152595366276977,0.04013718874193722,0.01839570775
Full Model,VTP,19,0.00933915388752321,0.01048297621234972,0.022433776261382946,0.016720180157894737
GNN + News,AAA,22,0.005373703481611169,0.006372113987021534,0.016673358030278532,0.02056036086363636
GNN + News,ABB,150,0.010081571572813659,0.013166814862663521,0.02359662706653273,0.015085083999999999
GNN + News,ACB,139,0.006749199889744491,0.009964147780353262,0.013893282116330405,0.01412931831294964
GNN + News,ACL,15,0.01238839965418209,0.017423331485451603,0.025990187066296713,0.017769513733333332
GNN + News,ACV,30,0.006893440738806805,0.007713380249729314,0.014063618953029258,0.01624646476666667
GNN + News,AGG,33,0.0083526558269346,0.009761972128552225,0.015822680977483544,0.020693704666666667
GNN + News,AGR,26,0.015426860215909348,0.01888649716051317,0.03193087589282252,0.022690823423076927
GNN + News,ANV,18,0.013449378849549451,0.016407995005086825,0.028068463473270282,0.015944398777777775
GNN + News,APH,12,0.008072672412307557,0.008937289643636442,0.015238300043468642,0.02142015283333333
GNN + News,AST,15,0.005972466552345808,0.008165735588637162,0.016535519498089915,0.015572044066666664
GNN + News,BAF,34,0.0071615355406426644,0.009526709762932151,0.01166851770625827,0.01522326260294118
GNN + News,BCM,104,0.008291929738115069,0.009356175306915477,0.013754381574332104,0.019296342298076922
GNN + News,BFC,14,0.005897556287633229,0.007581133279949484,0.01677499841233444,0.01911899521428571
GNN + News,BID,147,0.005735505709413003,0.007246557684622918,0.01542633287228487,0.014028842738095236
GNN + News,BMP,17,0.013297457902979194,0.014853487101352876,0.020044542739496466,0.021055705470588236
GNN + News,BSI,40,0.010475239008291849,0.011463263041040755,0.020849076542071947,0.022486117174999997
GNN + News,BSR,122,0.014993455896103102,0.0202542062318251,0.028341534589493567,0.01597008510655738
GNN + News,BWE,60,0.005407453387672187,0.006572858441417241,0.01076264783429598,0.014950735908333335
GNN + News,C4G,20,0.0049680677837481545,0.005477038695700836,0.01914835702627892,0.0215992824
GNN + News,CMG,30,0.007518853388701679,0.008860370288247665,0.016959746244053,0.017823568866666663
GNN + News,CRE,42,0.010502684020391681,0.012752004909467617,0.03119663463994147,0.02140865635714286
GNN + News,CSV,35,0.007514376646666595,0.009053852594014995,0.019796141609549463,0.020585662857142858
GNN + News,CTD,48,0.0108464335149682,0.013174972569791376,0.023753221884059355,0.02206430559375
GNN + News,CTG,113,0.007389138331457913,0.00901885760869158,0.01768970522469118,0.014357782668141594
GNN + News,CTS,96,0.010155778309242835,0.012771291596948845,0.029397522041108404,0.022458879750000004
GNN + News,DBC,34,0.005175823630785644,0.007563890444750396,0.01732885391752722,0.016495256985294117
GNN + News,DBD,32,0.009881159825840447,0.010545656424229072,0.006282077105424784,0.016015848875
GNN + News,DCM,20,0.0077349592702857985,0.01034078322397219,0.020234979363158302,0.021399040700000004
GNN + News,DGC,34,0.011909526611681912,0.013481374603208182,0.01971978472326602,0.02043315764705882
GNN + News,DGW,55,0.008970642155925664,0.01149520028877889,0.02320613246411081,0.016220878836363636
GNN + News,DHG,10,0.009783912059574417,0.011554220717892902,0.00850917657371606,0.018065688700000006
GNN + News,DIG,146,0.013090371889294846,0.0167518509567385,0.03343562774156051,0.021462136321917808
GNN + News,DMC,18,0.008369737808908578,0.009071534456443457,0.007250579746646978,0.01562031755555556
GNN + News,DPG,55,0.007227049952658326,0.009404375291132729,0.024710472097450985,0.021872242145454544
GNN + News,DPM,77,0.008597309029915663,0.010370161414196544,0.017930137066097963,0.021507978844155846
GNN + News,DXG,121,0.01487247091350713,0.018096657188537233,0.033914397817012644,0.020867636603305786
GNN + News,EIB,36,0.009933495835739343,0.013521218909751175,0.024024728478656828,0.015189867138888887
GNN + News,ELC,31,0.008002833839413725,0.009259160242403662,0.012348696604491196,0.017410004322580643
GNN + News,FCN,21,0.005906349918695901,0.008801544083426286,0.024439580561149647,0.022712573428571425
GNN + News,FMC,14,0.004267012118353764,0.00529913768454253,0.009778602198431479,0.013597333500000001
GNN + News,FOX,20,0.01100079042443431,0.011890055190046737,0.017639097152277784,0.01926738625
GNN + News,FPT,74,0.00639403892047572,0.007465370753981541,0.018417731084785303,0.018479629479729733
GNN + News,FRT,24,0.006856739338919146,0.008554053474860497,0.016519368509761937,0.0176579875
GNN + News,FTS,30,0.007097629875597445,0.009513240280875255,0.021687978537132294,0.02135629063333333
GNN + News,GAS,38,0.006307606191248453,0.0077270524210044725,0.015464747361348593,0.015197567631578946
GNN + News,GEG,22,0.0045957444469683535,0.005747826323405278,0.016169416019692965,0.015990570863636363
GNN + News,GEX,41,0.013180558103276814,0.01715995813171185,0.03136492963516852,0.020676637597560974
GNN + News,GMD,35,0.006907032271866243,0.008194736208503023,0.019711395233337318,0.01743869515714286
GNN + News,GVR,23,0.007471312056782686,0.01016201518027534,0.02184238122857132,0.020604372304347827
GNN + News,HAH,46,0.008496379604556643,0.010992560174528607,0.02286884798060937,0.01790266747826087
GNN + News,HCM,197,0.0085724534367133,0.009987729540924807,0.01944448340088502,0.02247802161928934
GNN + News,HDB,123,0.011305697422180535,0.015129627424777562,0.024143592575640648,0.014346201634146342
GNN + News,HDG,22,0.012975128047861944,0.015717128718466856,0.03331156616861167,0.022858100636363635
GNN + News,HHV,35,0.007024849885312573,0.008583041473187284,0.023008519291345522,0.021500769028571433
GNN + News,HPG,49,0.006773295048547751,0.00803274616628759,0.019528099962947267,0.021169153163265307
GNN + News,HSG,28,0.009469751494313715,0.010209759573877306,0.014155764199261092,0.020580459607142856
GNN + News,IDI,15,0.004082825069421534,0.004962305869814249,0.01611659570286668,0.019666474399999998
GNN + News,IJC,95,0.005532509614730323,0.007341485982035822,0.021944307094733915,0.020514801915789468
GNN + News,IMP,16,0.0060114054655773,0.007306618461963653,0.01466846957919184,0.0163186341875
GNN + News,JVC,47,0.014222750647891552,0.01570617919371009,0.027190391093175413,0.01727610795744681
GNN + News,KBC,38,0.00818778798897806,0.010074647605607105,0.024181161884610544,0.020488059578947372
GNN + News,KDC,52,0.008118144157383426,0.00958801205179582,0.012355966068123635,0.015930113278846157
GNN + News,KDH,90,0.008688928016073804,0.010219543017017333,0.02245367867872114,0.022184279666666664
GNN + News,LCG,29,0.01580635113883917,0.018797984323868012,0.03151400377652763,0.021737304206896558
GNN + News,LPB,89,0.00872498752011399,0.011075749219889783,0.021081763361528307,0.014658515533707863
GNN + News,LTG,6,0.0060791531242013,0.006368975769201958,0.0091240843757987,0.015203237500000001
GNN + News,MBB,113,0.00796345040025672,0.009845924768715887,0.01964542895670877,0.014253596261061947
GNN + News,MSB,197,0.009692105095193844,0.013978693535907059,0.021826389626254702,0.0142427479035533
GNN + News,MSN,86,0.008203465857884312,0.010617258648183527,0.019276200717878153,0.016349824770930232
GNN + News,MWG,53,0.007113727309632022,0.00930042652406321,0.02063988012103535,0.01678875579056604
GNN + News,NKG,21,0.006556216176236656,0.007475914221780183,0.02361742775177667,0.02087390633333333
GNN + News,NLG,83,0.00973660563199484,0.013085108974866064,0.027815092388675102,0.0203626266626506
GNN + News,NT2,11,0.007941841452545883,0.010706147479840644,0.023676105097613517,0.016556322272727273
GNN + News,NTL,31,0.006631758948766093,0.01000146007244976,0.023941339714632838,0.02031464370967742
GNN + News,OCB,113,0.007754187056113246,0.013553568574780689,0.01928265971766236,0.013270340769911501
GNN + News,ORS,63,0.011811358465336045,0.014698932768954644,0.029841333539003388,0.02373853936507937
GNN + News,PAN,50,0.01070434137629884,0.012379070027388805,0.019282385390251826,0.016483686079999997
GNN + News,PC1,43,0.008991359586962795,0.011847796136513256,0.023629851357708093,0.021989716930232557
GNN + News,PDR,146,0.011035071788690355,0.013675402348169679,0.029843578676450693,0.022300875253424654
GNN + News,PGV,21,0.007102316792678242,0.007936566093840084,0.010075806928355004,0.013631301619047617
GNN + News,PHR,26,0.006490861055135338,0.008710112400469507,0.01404464671101703,0.02028691553846154
GNN + News,PLX,38,0.004528372080492872,0.005800599550917605,0.014238528061756125,0.01595272217105263
GNN + News,PNJ,71,0.006473527477400979,0.008580941428192122,0.011517998500084331,0.015428821626760562
GNN + News,POW,36,0.006952754560335103,0.009466299356903076,0.020491466029650605,0.015507532124999997
GNN + News,PPC,10,0.007201260478312911,0.007809952494949094,0.0076609022216870895,0.0148621627
GNN + News,PVD,68,0.006901568156714498,0.008926764983676738,0.02004692270694406,0.015889178529411765
GNN + News,PVS,19,0.010642922977969989,0.012282296696835221,0.018216073684590387,0.0157805175
GNN + News,QNS,64,0.007165682344819301,0.008080127898939795,0.005938639998930698,0.01310432234375
GNN + News,REE,48,0.00735048823439242,0.008578233814993305,0.011371248207675863,0.017514592166666666
GNN + News,SAB,18,0.009056517883160295,0.009802297192055321,0.007538167061284149,0.016594684944444448
GNN + News,SCR,23,0.008898703361499595,0.010371380421868782,0.023445139639079533,0.02311110217391304
GNN + News,SCS,15,0.004189795741855353,0.005531364399245406,0.011391277176638409,0.013850553133333336
GNN + News,SGN,39,0.010469815676667632,0.011435524614011035,0.0060099917702758476,0.01643762674358974
GNN + News,SHB,115,0.007887052577568027,0.010971476569100476,0.0203587345697957,0.014644071360869567
GNN + News,SIP,34,0.006436367753820868,0.008173019233739113,0.017667558509856435,0.020232014205882352
GNN + News,SSB,156,0.009846288081080361,0.014459327134593056,0.019876637654259562,0.013266604375000001
GNN + News,SSI,85,0.0077512165260124385,0.009261429002985423,0.025628579353146653,0.022314992870588236
GNN + News,STB,75,0.012488550879257345,0.01535087881708487,0.025151823653529033,0.01409131702
GNN + News,SZC,70,0.007346910590090166,0.008761245986725808,0.016812298061060004,0.019345743457142857
GNN + News,TCB,115,0.00686030499154632,0.008337436424156096,0.019002729727198197,0.014130867860869567
GNN + News,TPB,221,0.006737239558187458,0.010033848989363775,0.019890625076157697,0.014114891031674211
GNN + News,TRA,20,0.01044361847045239,0.01157336022276864,0.00701006292365485,0.016320261050000003
GNN + News,VCB,59,0.007245824836184718,0.007992523042737768,0.013784048573697983,0.013608139855932205
GNN + News,VCG,47,0.006734301897554636,0.008398369402230581,0.018613462772299597,0.020923947063829787
GNN + News,VCI,143,0.006992527875715214,0.008334249906688232,0.022759725919344997,0.02222346873426573
GNN + News,VGI,16,0.00546084983530775,0.006824673688215584,0.018937476386781747,0.02013734075
GNN + News,VHC,28,0.008705412519649205,0.0106204564136271,0.01844182954768513,0.014773074410714284
GNN + News,VHM,54,0.011458136557938576,0.015754576774517696,0.026194923807418415,0.019939103185185186
GNN + News,VIB,70,0.008189089341690728,0.011517636375368208,0.01854755140042727,0.014115667685714286
GNN + News,VIC,112,0.011322401920621141,0.01384749444659402,0.02886247833625277,0.020605156776785715
GNN + News,VIX,36,0.007273771556528706,0.010426445425047132,0.028926329790717964,0.025252651
GNN + News,VJC,47,0.013096513066520349,0.016459417304519938,0.02636591206364171,0.017295957691489363
GNN + News,VND,82,0.009111319849545586,0.01254858091655882,0.025529703704594807,0.02246436414634146
GNN + News,VNM,56,0.005460018319381643,0.007256971182940332,0.015398631196668598,0.014704101624999999
GNN + News,VPB,97,0.017933996188287296,0.022989797441522745,0.031542584943325826,0.014859625768041238
GNN + News,VRE,46,0.013774816022904882,0.015230718269311994,0.029299631441497893,0.022303157239130435
GNN + News,VSC,48,0.022372932416428997,0.025534744000997728,0.04013718874193722,0.01819635610416667
GNN + News,VTP,19,0.00860050619176238,0.009624370357362579,0.022433776261382946,0.016863578210526316
GNN + Relationship,AAA,22,0.0053762482997929874,0.006618049648444227,0.016673358030278532,0.02077002186363636
GNN + Relationship,ABB,150,0.01070138308952141,0.013752137536099426,0.02359662706653273,0.014489420599999997
GNN + Relationship,ACB,139,0.0068736465209308754,0.0103432733106028,0.013893282116330405,0.013876059147482014
GNN + Relationship,ACL,15,0.011564736987515417,0.01679328958878994,0.025990187066296713,0.016707346400000003
GNN + Relationship,ACV,30,0.006869736496226583,0.008250463331499255,0.014063618953029258,0.016691029066666665
GNN + Relationship,AGG,33,0.007897196422249654,0.009607241746510354,0.015822680977483544,0.019395798757575758
GNN + Relationship,AGR,26,0.01586533984307611,0.020008439652478345,0.03193087589282252,0.02199700769230769
GNN + Relationship,ANV,18,0.011238101266216115,0.014670327384376585,0.028068463473270282,0.018136409527777776
GNN + Relationship,APH,12,0.00760966049564089,0.008399574355844736,0.015238300043468642,0.020972172583333334
GNN + Relationship,AST,15,0.006023658276569529,0.007989518464801318,0.016535519498089915,0.0163192606
GNN + Relationship,BAF,34,0.007801940643583842,0.009681137505907076,0.01166851770625827,0.016067536999999996
GNN + Relationship,BCM,104,0.008692158440038147,0.00964107940094662,0.013754381574332104,0.019608489269230773
GNN + Relationship,BFC,14,0.006846061309822584,0.008169887627216169,0.01677499841233444,0.020322768857142855
GNN + Relationship,BID,147,0.005703005793731437,0.007267308274885447,0.01542633287228487,0.013535897795918368
GNN + Relationship,BMP,17,0.013843793785332136,0.01570381677788152,0.020044542739496466,0.020780250764705882
GNN + Relationship,BSI,40,0.009432365488253238,0.010655625179782836,0.020849076542071947,0.02165945015
GNN + Relationship,BSR,122,0.016446600901145587,0.021650060299235403,0.028341534589493567,0.013819990752459016
GNN + Relationship,BWE,60,0.005071458345513088,0.005845342233009649,0.01076264783429598,0.012854172066666662
GNN + Relationship,C4G,20,0.004823449833748154,0.005284572255180806,0.01914835702627892,0.021449633849999997
GNN + Relationship,CMG,30,0.007372097938701678,0.008465549060278908,0.016959746244053,0.01729277578333333
GNN + Relationship,CRE,42,0.010580109724499706,0.013249553112143705,0.03119663463994147,0.021195428738095237
GNN + Relationship,CSV,35,0.007369479875238026,0.008780022121434496,0.019796141609549463,0.02056579305714286
GNN + Relationship,CTD,48,0.0107479837962182,0.013451762361327814,0.023753221884059355,0.021216624145833335
GNN + Relationship,CTG,113,0.007518665318791371,0.009474585740066344,0.01768970522469118,0.013590413920353983
GNN + Relationship,CTS,96,0.009466744714312981,0.012371619105754347,0.029397522041108404,0.02242186419791667
GNN + Relationship,DBC,34,0.0048653859762674435,0.007259485906427243,0.01732885391752722,0.017312039705882357
GNN + Relationship,DBD,32,0.009967303607090448,0.010536759659727932,0.006282077105424784,0.01613040028125
GNN + Relationship,DCM,20,0.007409884137291231,0.010141219651516268,0.020234979363158302,0.020879081600000002
GNN + Relationship,DGC,34,0.011312445089387597,0.013135514422279802,0.01971978472326602,0.021166951735294117
GNN + Relationship,DGW,55,0.008550906748121593,0.011308384143027763,0.02320613246411081,0.016932823027272732
GNN + Relationship,DHG,10,0.010656839892864901,0.012480636927093638,0.00850917657371606,0.019040937799999998
GNN + Relationship,DIG,146,0.012704076183801063,0.01616769605411204,0.03343562774156051,0.02212987117808219
GNN + Relationship,DMC,18,0.00899424147557524,0.00954499875511061,0.007250579746646978,0.01624482122222222
GNN + Relationship,DPG,55,0.007857654252706741,0.009993993918709757,0.024710472097450985,0.021603247490909087
GNN + Relationship,DPM,77,0.008282556486465621,0.009476565696306352,0.017930137066097963,0.021311908987012986
GNN + Relationship,DXG,121,0.014729506125615681,0.017772041884343334,0.033914397817012644,0.02159249509917355
GNN + Relationship,EIB,36,0.010308462204514203,0.013811782022670254,0.024024728478656828,0.014720797777777779
GNN + Relationship,ELC,31,0.007757860044504693,0.008828907961904919,0.012348696604491196,0.017175813096774198
GNN + Relationship,FCN,21,0.0066269754423850065,0.008792327520522954,0.024439580561149647,0.022261329714285714
GNN + Relationship,FMC,14,0.005325804515854236,0.0065522616304184746,0.009778602198431479,0.015104406714285713
GNN + Relationship,FOX,20,0.011049695724434311,0.011963214854177307,0.017639097152277784,0.020049300049999996
GNN + Relationship,FPT,74,0.00660873111934396,0.007764918106404065,0.018417731084785303,0.01796218677027027
GNN + Relationship,FRT,24,0.005589113379270879,0.007572640208916485,0.016519368509761937,0.017090963375
GNN + Relationship,FTS,30,0.007822801269335235,0.010234595319379368,0.021687978537132294,0.02101414953333334
GNN + Relationship,GAS,38,0.00596986640916899,0.007429143155487196,0.015464747361348593,0.013810094263157897
GNN + Relationship,GEG,22,0.004691515173004007,0.005836917097629601,0.016169416019692965,0.014445538568181817
GNN + Relationship,GEX,41,0.012753625394255367,0.017193444540250655,0.03136492963516852,0.02059270424390244
GNN + Relationship,GMD,35,0.0070527553112039575,0.00845918216460402,0.019711395233337318,0.01832809085714286
GNN + Relationship,GVR,23,0.007536392783956782,0.009946143008912835,0.02184238122857132,0.021149688739130434
GNN + Relationship,HAH,46,0.008120193417640002,0.011162897142945605,0.02286884798060937,0.017996238000000008
GNN + Relationship,HCM,197,0.008649684155380111,0.009838291599562834,0.01944448340088502,0.022575592888324874
GNN + Relationship,HDB,123,0.011715009463826384,0.01561282404221991,0.024143592575640648,0.013593555459349592
GNN + Relationship,HDG,22,0.013415873866043765,0.016552170316992566,0.03331156616861167,0.02238597772727273
GNN + Relationship,HHV,35,0.007001221625650156,0.008519406566491427,0.023008519291345522,0.021888755228571425
GNN + Relationship,HPG,49,0.0065844448813683985,0.007758378868220129,0.019528099962947267,0.02083022306122449
GNN + Relationship,HSG,28,0.009896580172885144,0.010715745273653536,0.014155764199261092,0.021174186857142858
GNN + Relationship,IDI,15,0.003977864305746012,0.005128292677341497,0.01611659570286668,0.019601111066666673
GNN + Relationship,IJC,95,0.005611715519202732,0.007377557405357351,0.021944307094733915,0.020942710010526312
GNN + Relationship,IMP,16,0.006012781476378374,0.007352263252112496,0.01466846957919184,0.016724351625
GNN + Relationship,JVC,47,0.013961028434366666,0.015838467771457674,0.027190391093175413,0.017308072595744683
GNN + Relationship,KBC,38,0.007741562204015911,0.009667954563829368,0.024181161884610544,0.02105018852631579
GNN + Relationship,KDC,52,0.005541579061367519,0.008260800387279322,0.012355966068123635,0.011989572384615387
GNN + Relationship,KDH,90,0.008348105967752624,0.00988330483702927,0.02245367867872114,0.021693831988888888
GNN + Relationship,LCG,29,0.017082500000908135,0.020312810762734276,0.03151400377652763,0.021036892310344828
GNN + Relationship,LPB,89,0.009120601219081257,0.011573331474456633,0.021081763361528307,0.013801979853932583
GNN + Relationship,LTG,6,0.0009900904747337663,0.001467461919027413,0.0091240843757987,0.008432932066666664
GNN + Relationship,MBB,113,0.008198097005870939,0.010342417597673965,0.01964542895670877,0.01369200696902655
GNN + Relationship,MSB,197,0.00998887103502573,0.014666709304049265,0.021826389626254702,0.013660101959390863
GNN + Relationship,MSN,86,0.007359205491206923,0.009739783427320698,0.019276200717878153,0.017474455424418608
GNN + Relationship,MWG,53,0.00731626781717919,0.009061625639653948,0.02063988012103535,0.01757088211320755
GNN + Relationship,NKG,21,0.005644118223855705,0.006277785547330017,0.02361742775177667,0.02121639580952381
GNN + Relationship,NLG,83,0.00961383373672087,0.012784766956107557,0.027815092388675102,0.020526099000000003
GNN + Relationship,NT2,11,0.00890893360551888,0.011977648372823875,0.023676105097613517,0.01513231145454545
GNN + Relationship,NTL,31,0.007492739024055926,0.010153548930521264,0.023941339714632838,0.021020247741935477
GNN + Relationship,OCB,113,0.008227278381474563,0.014215383629947944,0.01928265971766236,0.012848349721238937
GNN + Relationship,ORS,63,0.010811432751050329,0.014014769640876177,0.029841333539003388,0.023918419333333326
GNN + Relationship,PAN,50,0.00960346897629884,0.011296451763414638,0.019282385390251826,0.01796875832
GNN + Relationship,PC1,43,0.009605606671701857,0.012603621164493595,0.023629851357708093,0.021825667325581395
GNN + Relationship,PDR,146,0.011019878426218524,0.013388485211338758,0.029843578676450693,0.022745961219178084
GNN + Relationship,PGV,21,0.005611196557300223,0.0064396849119639915,0.010075806928355004,0.011765427904761906
GNN + Relationship,PHR,26,0.006329050530375385,0.008194141920064584,0.01404464671101703,0.02019356023076923
GNN + Relationship,PLX,38,0.004357669362747135,0.005646356831454101,0.014238528061756125,0.013681281486842107
GNN + Relationship,PNJ,71,0.007889972296161729,0.009504459130950986,0.011517998500084331,0.016897857873239438
GNN + Relationship,POW,36,0.007500968151686048,0.01054973920438549,0.020491466029650605,0.013839231486111112
GNN + Relationship,PPC,10,0.00680369222831291,0.007377649741351949,0.0076609022216870895,0.014464594449999998
GNN + Relationship,PVD,68,0.00873957323042174,0.010522213452192812,0.02004692270694406,0.013509241911764709
GNN + Relationship,PVS,19,0.009741328612395243,0.0114371995531873,0.018216073684590387,0.014562109184210525
GNN + Relationship,QNS,64,0.008813047938569301,0.00947105575963505,0.005938639998930698,0.0147516879375
GNN + Relationship,REE,48,0.007860240842477623,0.008587584838626152,0.011371248207675863,0.017972776041666666
GNN + Relationship,SAB,18,0.010862719716493628,0.011943998394098593,0.007538167061284149,0.018400886777777778
GNN + Relationship,SCR,23,0.009583671677624727,0.010669777283150755,0.023445139639079533,0.023097417565217392
GNN + Relationship,SCS,15,0.004745075836051927,0.006077491603054993,0.011391277176638409,0.015464100866666667
GNN + Relationship,SGN,39,0.011179773797272757,0.012207740511408497,0.0060099917702758476,0.017128628205128203
GNN + Relationship,SHB,115,0.0084588352649624,0.011502662733931936,0.0203587345697957,0.014037676973913043
GNN + Relationship,SIP,34,0.005414100012364668,0.007284809359755554,0.017667558509856435,0.019637252852941177
GNN + Relationship,SSB,156,0.010020831396898333,0.01456110469191169,0.019876637654259562,0.01353232115705128
GNN + Relationship,SSI,85,0.007308753224120798,0.008830998933834768,0.025628579353146653,0.02258011187058823
GNN + Relationship,STB,75,0.012640178041933493,0.01539739083546964,0.025151823653529033,0.013733823906666668
GNN + Relationship,SZC,70,0.006699323858401685,0.008170268513983146,0.016812298061060004,0.018988088157142858
GNN + Relationship,TCB,115,0.0068490958531364715,0.0083095524111596,0.019002729727198197,0.013345857699999996
GNN + Relationship,TPB,221,0.006996225651984784,0.010398911806913727,0.019890625076157697,0.01369131276244344
GNN + Relationship,TRA,20,0.011595810926345151,0.01222247048464177,0.00701006292365485,0.01860587385
GNN + Relationship,VCB,59,0.006818870999777331,0.007637720926130738,0.013784048573697983,0.013147091940677966
GNN + Relationship,VCG,47,0.007270560323086549,0.0085911934905377,0.018613462772299597,0.020336990127659573
GNN + Relationship,VCI,143,0.006979304134456472,0.008464615161898621,0.022759725919344997,0.022502827720279724
GNN + Relationship,VGI,16,0.004770162389200238,0.0062994650531677755,0.018937476386781747,0.01832945725
GNN + Relationship,VHC,28,0.008043062622724917,0.009252210474062468,0.01844182954768513,0.01696081575
GNN + Relationship,VHM,54,0.0113487156831773,0.01523852236569565,0.026194923807418415,0.020610278944444452
GNN + Relationship,VIB,70,0.008241109094561945,0.011918787514469766,0.01854755140042727,0.013448340121428572
GNN + Relationship,VIC,112,0.01071365601718396,0.012781186951521317,0.02886247833625277,0.02192465863392857
GNN + Relationship,VIX,36,0.006677884922877308,0.009408338265042188,0.028926329790717964,0.02586019822222222
GNN + Relationship,VJC,47,0.012953160952067385,0.01503299455679356,0.02636591206364171,0.019909555691489358
GNN + Relationship,VND,82,0.008003277839731251,0.011892124519686896,0.025529703704594807,0.023200271926829268
GNN + Relationship,VNM,56,0.0055095784607378856,0.0073404205538542405,0.015398631196668598,0.01662286313392857
GNN + Relationship,VPB,97,0.018143569937598192,0.023367204548336937,0.031542584943325826,0.014365340855670101
GNN + Relationship,VRE,46,0.013246457892470098,0.014913938261487526,0.029299631441497893,0.022985110369565215
GNN + Relationship,VSC,48,0.02185584300865359,0.02482660914997486,0.04013718874193722,0.019418229604166667
GNN + Relationship,VTP,19,0.008514798834891629,0.010273231892343781,0.022433776261382946,0.016886692052631578
GNN Correlation Only,AAA,44,0.005149814481611168,0.0062783365199886535,0.016673358030278532,0.02026346531818182
GNN Correlation Only,ABB,300,0.0102830308226163,0.01328470481916097,0.02359662706653273,0.01498942615
GNN Correlation Only,ACB,278,0.0067905324620648935,0.010358358374358832,0.013893282116330405,0.01342037064028777
GNN Correlation Only,ACL,30,0.011628585587515426,0.016892775074383127,0.025990187066296713,0.01682723153333333
GNN Correlation Only,ACV,60,0.006333634947140136,0.007635191847470354,0.014063618953029256,0.015529073591666668
GNN Correlation Only,AGG,66,0.007685482967704199,0.009395812470569767,0.015822680977483544,0.018882871303030305
GNN Correlation Only,AGR,52,0.016617600996922274,0.02106690015411642,0.03193087589282252,0.021460847769230774
GNN Correlation Only,ANV,36,0.010915034224549449,0.014425628476530871,0.028068463473270282,0.018531404486111108
GNN Correlation Only,APH,24,0.006988568080507725,0.007831932620862113,0.015238300043468642,0.020082360208333334
GNN Correlation Only,AST,30,0.005924954869012472,0.008143188080439224,0.01653551949808991,0.01586104115
GNN Correlation Only,BAF,68,0.007664183746525018,0.009784446235514381,0.01166851770625827,0.01574530898529412
GNN Correlation Only,BCM,208,0.008030259757345838,0.00913788980340313,0.013754381574332104,0.018733485346153846
GNN Correlation Only,BFC,28,0.006366159952679729,0.007597974733538573,0.016774998412334447,0.019397808071428574
GNN Correlation Only,BID,294,0.005578424462311453,0.007319935614274154,0.01542633287228487,0.013280421756802722
GNN Correlation Only,BMP,34,0.013910534932390958,0.01597628329392715,0.020044542739496466,0.0207191075
GNN Correlation Only,BSI,80,0.008954054738253238,0.010445007002244896,0.020849076542071947,0.02060838715
GNN Correlation Only,BSR,244,0.016036577047047224,0.021168310075189108,0.028341534589493567,0.014433151770491804
GNN Correlation Only,BWE,120,0.005092911845513086,0.00572818965964017,0.01076264783429598,0.012510189683333334
GNN Correlation Only,C4G,40,0.004164543908748155,0.004563415869374368,0.019148357026278925,0.020528252525000002
GNN Correlation Only,CMG,60,0.006335909463701679,0.007794450350724718,0.016959746244053,0.01616402764166667
GNN Correlation Only,CRE,84,0.010699224658658656,0.013555293185802574,0.03119663463994147,0.020946121392857144
GNN Correlation Only,CSV,70,0.007204504647697428,0.008678833093971947,0.01979614160954947,0.0198676061
GNN Correlation Only,CTD,96,0.0102978836087182,0.013309680929586228,0.023753221884059355,0.02038953075
GNN Correlation Only,CTG,226,0.007710825461404804,0.009703199039323285,0.01768970522469118,0.01340575692699115
GNN Correlation Only,CTS,192,0.00981423871712713,0.01290992021880971,0.029397522041108404,0.021371768833333332
GNN Correlation Only,DBC,68,0.0049847264496774265,0.007305165782396407,0.017328853917527223,0.01708243726470588
GNN Correlation Only,DBD,64,0.008222427193027947,0.00886235997816427,0.006282077105424784,0.014240450804687499
GNN Correlation Only,DCM,40,0.0070486966270829204,0.010048328224533672,0.020234979363158302,0.020393054225000002
GNN Correlation Only,DGC,68,0.011705982685211325,0.013740335252892772,0.019719784723266024,0.020232437044117646
GNN Correlation Only,DGW,110,0.008981908146817775,0.012061712389604382,0.02320613246411081,0.01560685161818182
GNN Correlation Only,DHG,20,0.00900250365003824,0.01017506012564613,0.008509176573716063,0.0158339985
GNN Correlation Only,DIG,292,0.012700076825635011,0.016174430644577145,0.03343562774156051,0.021940688407534246
GNN Correlation Only,DMC,36,0.006377829086686357,0.00678374882216187,0.007250579746646978,0.013628408833333334
GNN Correlation Only,DPG,110,0.007694259579979467,0.009906944458995072,0.024710472097450975,0.021120881836363632
GNN Correlation Only,DPM,154,0.007897347603348736,0.009288993188395248,0.017930137066097963,0.020692364441558444
GNN Correlation Only,DXG,242,0.014717594412158905,0.017784424614263227,0.033914397817012644,0.02156579811570248
GNN Correlation Only,EIB,72,0.010306227454514202,0.013750699957461749,0.024024728478656825,0.014620752999999998
GNN Correlation Only,ELC,62,0.007164838423536952,0.008011310375891728,0.012348696604491198,0.01589147639516129
GNN Correlation Only,FCN,42,0.006621594156670718,0.009019222071289959,0.024439580561149647,0.021913109095238095
GNN Correlation Only,FMC,28,0.004582680430366579,0.0059244549777515846,0.009778602198431479,0.014129201714285711
GNN Correlation Only,FOX,40,0.01121632089943431,0.012009974581618392,0.01763909715227778,0.018916915025
GNN Correlation Only,FPT,148,0.006626544065234489,0.008227719327844999,0.018417731084785303,0.0165794672972973
GNN Correlation Only,FRT,48,0.005929557429044138,0.00796899644028469,0.016519368509761937,0.0157145808125
GNN Correlation Only,FTS,60,0.007525934219335235,0.010237250317779922,0.02168797853713229,0.02002258621666667
GNN Correlation Only,GAS,76,0.005950779360615043,0.007509579912118794,0.015464747361348589,0.013632285802631582
GNN Correlation Only,GEG,44,0.005014764167277645,0.006082380387890464,0.01616941601969296,0.013960656909090907
GNN Correlation Only,GEX,82,0.014063930627997438,0.018607665698628425,0.03136492963516853,0.019038798756097562
GNN Correlation Only,GMD,70,0.00701947908263253,0.008420362019030198,0.01971139523333732,0.017903264057142855
GNN Correlation Only,GVR,46,0.007529956629129337,0.010152225433928243,0.021842381228571323,0.02097711089130435
GNN Correlation Only,HAH,92,0.007998812395900876,0.011095870232506385,0.02286884798060937,0.017752098956521745
GNN Correlation Only,HCM,394,0.008273432701224985,0.009486242776728921,0.01944448340088502,0.021347703309644674
GNN Correlation Only,HDB,246,0.011753856291062155,0.015692106199127222,0.024143592575640648,0.013696991087398372
GNN Correlation Only,HDG,44,0.013000868684225581,0.016156415690849843,0.03331156616861166,0.022428323818181814
GNN Correlation Only,HHV,70,0.007045001609948207,0.008528752589910399,0.023008519291345526,0.021206416042857137
GNN Correlation Only,HPG,98,0.0065252642283071755,0.007693561008045442,0.019528099962947267,0.02028549159183673
GNN Correlation Only,HSG,56,0.009658506155028002,0.01060005401629109,0.014155764199261093,0.020626866982142857
GNN Correlation Only,IDI,30,0.004434947566155267,0.005283201747447143,0.01611659570286668,0.019693174033333326
GNN Correlation Only,IJC,190,0.005445453040255363,0.007206479538929712,0.02194430709473391,0.020750725868421055
GNN Correlation Only,IMP,32,0.006284700759409586,0.007853967971431251,0.01466846957919184,0.014872750781250001
GNN Correlation Only,JVC,94,0.014534052264153897,0.016334439034701248,0.027190391093175413,0.016509827574468082
GNN Correlation Only,KBC,76,0.008031678486572342,0.009960059706918371,0.024181161884610548,0.02092956396052632
GNN Correlation Only,KDC,104,0.008236415727789489,0.009464982632590229,0.012355966068123635,0.016395535757692307
GNN Correlation Only,KDH,180,0.008481004534419292,0.010083694112196794,0.02245367867872114,0.021732023155555554
GNN Correlation Only,LCG,58,0.017233990552632274,0.020829012213950095,0.03151400377652763,0.020062434896551722
GNN Correlation Only,LPB,178,0.009332253652079143,0.011805998234155568,0.021081763361528307,0.013497028915730335
GNN Correlation Only,LTG,12,0.001160378541400433,0.00148211425726008,0.0091240843757987,0.008641556000000002
GNN Correlation Only,MBB,226,0.008503308055101848,0.010625781790768979,0.019645428956708774,0.013409171331858406
GNN Correlation Only,MSB,394,0.009906464126396291,0.014385807106771615,0.021826389626254702,0.013597214827411167
GNN Correlation Only,MSN,172,0.007450426738644821,0.009895282640177444,0.01927620071787815,0.017327181732558143
GNN Correlation Only,MWG,106,0.0074008353498627956,0.009496800717213613,0.020639880121035344,0.016261858386792453
GNN Correlation Only,NKG,42,0.005746719271474752,0.006327687114824524,0.02361742775177667,0.021209093380952383
GNN Correlation Only,NLG,166,0.009729193025877493,0.013000605539190059,0.027815092388675102,0.02009983444578313
GNN Correlation Only,NT2,22,0.009318500946427973,0.01226192208342566,0.023676105097613517,0.014513935386363634
GNN Correlation Only,NTL,62,0.007379834773675061,0.010147367571437936,0.023941339714632838,0.020894698951612903
GNN Correlation Only,OCB,226,0.008260135816115576,0.014215680580648682,0.01928265971766236,0.0126379342920354
GNN Correlation Only,ORS,126,0.011100108766112563,0.014417763420976587,0.029841333539003385,0.022871942849206347
GNN Correlation Only,PAN,100,0.009804906536298839,0.011285927047419642,0.01928238539025183,0.017400861440000005
GNN Correlation Only,PC1,86,0.009357716439143716,0.01255113911046543,0.023629851357708096,0.020887583465116277
GNN Correlation Only,PDR,292,0.01080708678063128,0.01315797975809777,0.029843578676450693,0.022677727886986302
GNN Correlation Only,PGV,42,0.0056919132834907,0.006523761707452658,0.010075806928355005,0.011654913797619047
GNN Correlation Only,PHR,52,0.006566887422880586,0.008331125262262628,0.014044646711017034,0.02008923946153846
GNN Correlation Only,PLX,76,0.004559206710064861,0.005707511523499762,0.014238528061756123,0.01313941497368421
GNN Correlation Only,PNJ,142,0.007087319088096656,0.008930496007266952,0.01151799850008433,0.015603823866197181
GNN Correlation Only,POW,72,0.007545933578293236,0.010565418992375392,0.020491466029650605,0.013858082041666666
GNN Correlation Only,PPC,20,0.00595496005023157,0.006653631591283446,0.0076609022216870895,0.01356550785
GNN Correlation Only,PVD,136,0.008541613686547055,0.010373303769257118,0.020046922706944054,0.013815532095588235
GNN Correlation Only,PVS,38,0.009912961651868925,0.011514457039568247,0.018216073684590394,0.015036161355263158
GNN Correlation Only,QNS,128,0.0078343174151318,0.008525535832699792,0.0059386399989306985,0.013772957414062498
GNN Correlation Only,REE,96,0.005970084215667797,0.006862629188137491,0.011371248207675865,0.015484097765625001
GNN Correlation Only,SAB,36,0.010622966994271406,0.011746784405692224,0.007538167061284149,0.018161134055555552
GNN Correlation Only,SCR,46,0.009193539948456118,0.010239751825699106,0.023445139639079536,0.023096649239130438
GNN Correlation Only,SCS,30,0.004117357829054687,0.005279230256470849,0.011391277176638409,0.013990985933333333
GNN Correlation Only,SGN,78,0.010175151551908545,0.011255866826478826,0.006009991770275846,0.0159652932051282
GNN Correlation Only,SHB,230,0.007968062028683966,0.011095348557478419,0.0203587345697957,0.014286512710869564
GNN Correlation Only,SIP,68,0.00548250158589408,0.007137023790628315,0.017667558509856435,0.019189986544117646
GNN Correlation Only,SSB,312,0.010088703707121945,0.014694146749170378,0.01987663765425956,0.013198064999999998
GNN Correlation Only,SSI,170,0.007588837331716798,0.009275801530902522,0.025628579353146653,0.02167317585294118
GNN Correlation Only,STB,150,0.012703033501933495,0.015573092663254155,0.025151823653529033,0.01369523492666667
GNN Correlation Only,SZC,140,0.006518216775803187,0.008067641808375048,0.01681229806106,0.018483101042857143
GNN Correlation Only,TCB,230,0.007209596325403799,0.00871367639553457,0.019002729727198197,0.013152423717391304
GNN Correlation Only,TPB,442,0.006915150373835318,0.010263592368348983,0.019890625076157697,0.013630195592760182
GNN Correlation Only,TRA,40,0.00903591275134515,0.010034278636892284,0.00701006292365485,0.016045975675
GNN Correlation Only,VCB,118,0.006576127355709535,0.007399187466601161,0.013784048573697985,0.012858094872881356
GNN Correlation Only,VCG,94,0.007171251280533358,0.008375540381536197,0.018613462772299597,0.019588709319148936
GNN Correlation Only,VCI,286,0.0067553113792117175,0.008372220366044953,0.022759725919344994,0.02125561195804196
GNN Correlation Only,VGI,32,0.0042831387329502375,0.0060412048479919584,0.018937476386781747,0.01734037459375
GNN Correlation Only,VHC,56,0.008417124604867775,0.009734100111132103,0.018441829547685123,0.016953402053571428
GNN Correlation Only,VHM,108,0.011729923414658781,0.015391562112813314,0.026194923807418415,0.020978749527777778
GNN Correlation Only,VIB,140,0.008185703554679775,0.011975461365540816,0.018547551400427267,0.013116850407142859
GNN Correlation Only,VIC,224,0.01029933033093702,0.012238790142020086,0.02886247833625277,0.023309533821428568
GNN Correlation Only,VIX,72,0.006957770884264868,0.010078845538685268,0.02892632979071797,0.02484050136111111
GNN Correlation Only,VJC,94,0.01280194415419504,0.015243503433670083,0.026365912063641705,0.019326238425531918
GNN Correlation Only,VND,164,0.007929132473877594,0.01219429248664202,0.025529703704594807,0.022493127353658535
GNN Correlation Only,VNM,112,0.0053296967821664576,0.007238233173230655,0.015398631196668596,0.016012046526785718
GNN Correlation Only,VPB,194,0.018004787569041492,0.02300186318157057,0.031542584943325826,0.014763899853092783
GNN Correlation Only,VRE,92,0.01338940181492029,0.015139852515502983,0.029299631441497883,0.02293813263043478
GNN Correlation Only,VSC,96,0.021148998560736928,0.024007867115922638,0.040137188741937224,0.02004053046875
GNN Correlation Only,VTP,38,0.008152879571733737,0.009920487877240798,0.022433776261382942,0.017129896894736842
Linear Regression,AAA,22,0.006386652281596707,0.007757288349698515,0.016673358030278532,0.020494287499999996
Linear Regression,ABB,150,0.007305382909379817,0.008810634270419908,0.02359662706653273,0.02277000428
Linear Regression,ACB,139,0.00752500316109308,0.01053763899277519,0.013893282116330405,0.014622022827338127
Linear Regression,ACL,15,0.015350508720848755,0.020049884287460105,0.025990187066296713,0.015925852533333333
Linear Regression,ACV,30,0.006309855949037024,0.007191208978991259,0.014063618953029258,0.015676562066666667
Linear Regression,AGG,33,0.007787112190570965,0.008763525310359217,0.015822680977483544,0.02048324824242424
Linear Regression,AGR,26,0.015270409092444499,0.018656625397172433,0.03193087589282252,0.024340335999999997
Linear Regression,ANV,18,0.009391286835254007,0.010967079248130411,0.028068463473270282,0.024162080611111112
Linear Regression,APH,12,0.005919757122174391,0.007580010440699108,0.015238300043468642,0.016938209666666666
Linear Regression,AST,15,0.006143872406897393,0.008328564053513256,0.016535519498089915,0.018514506133333334
Linear Regression,BAF,34,0.006589669973351094,0.009227021543286315,0.01166851770625827,0.013030052205882353
Linear Regression,BCM,104,0.007023743901449115,0.008779515012746788,0.013754381574332104,0.016123221427884617
Linear Regression,BFC,14,0.008903223238394013,0.009336217779121208,0.01677499841233444,0.018447194500000003
Linear Regression,BID,147,0.004679715250157888,0.006784450297070985,0.01542633287228487,0.01427349419387755
Linear Regression,BMP,17,0.01368016744172665,0.016067853948598627,0.020044542739496466,0.019882090029411763
Linear Regression,BSI,40,0.008263538060772546,0.010156661165400939,0.020849076542071947,0.021079444925
Linear Regression,BSR,122,0.013808597720115076,0.018332343468413212,0.028341534589493567,0.022664210885245898
Linear Regression,BWE,60,0.00484729790114984,0.006099624286793461,0.01076264783429598,0.012334601141666667
Linear Regression,C4G,20,0.0050673639902282155,0.0058518914442225725,0.01914835702627892,0.024106502599999996
Linear Regression,CMG,30,0.005643255672035012,0.006438126669478733,0.016959746244053,0.01741307575
Linear Regression,CRE,42,0.00974448953214093,0.012052356215591609,0.03119663463994147,0.024256887880952382
Linear Regression,CSV,35,0.008338703085042821,0.009995631483160254,0.019796141609549463,0.020926121314285714
Linear Regression,CTD,48,0.011061343046340216,0.013965124039138663,0.023753221884059355,0.02127178508333333
Linear Regression,CTG,113,0.0076845476362246085,0.008871015684295632,0.01768970522469118,0.016652250623893805
Linear Regression,CTS,96,0.00856598891403172,0.010491785860492094,0.029397522041108404,0.025244692958333332
Linear Regression,DBC,34,0.004900561331197338,0.006826306413476818,0.01732885391752722,0.019134914205882352
Linear Regression,DBD,32,0.004953997682402459,0.005502548601059833,0.006282077105424784,0.01047766203125
Linear Regression,DCM,20,0.00696173072605342,0.009433927141572016,0.020234979363158302,0.021300602100000003
Linear Regression,DGC,34,0.010618789148211124,0.012133443509237474,0.01971978472326602,0.02091160932352941
Linear Regression,DGW,55,0.007715454353975003,0.009887542953078433,0.02320613246411081,0.019237275527272727
Linear Regression,DHG,10,0.00643921279003824,0.0069259726286941235,0.00850917657371606,0.00998134624
Linear Regression,DIG,146,0.00997686978271722,0.012568497074868283,0.03343562774156051,0.02658760389041096
Linear Regression,DMC,18,0.005562289452535622,0.0061509102355501765,0.007250579746646978,0.012748718166666666
Linear Regression,DPG,55,0.006267055234409178,0.008065008846387544,0.024710472097450985,0.024864370181818182
Linear Regression,DPM,77,0.007516279752000667,0.00947851631797754,0.017930137066097963,0.020047497480519483
Linear Regression,DXG,121,0.013979495903835494,0.016604080901238237,0.033914397817012644,0.02447661090909091
Linear Regression,EIB,36,0.008209233856921664,0.01055557098919256,0.024024728478656828,0.021594365444444447
Linear Regression,ELC,31,0.007497351590069966,0.008352528437102403,0.012348696604491196,0.015541322725806453
Linear Regression,FCN,21,0.006530434721025861,0.008755553243909479,0.024439580561149647,0.02507327838095238
Linear Regression,FMC,14,0.0031422510829672646,0.0035327615960235145,0.009778602198431479,0.011880193392857142
Linear Regression,FOX,20,0.014534729424434312,0.014850359017134477,0.017639097152277784,0.01990194305
Linear Regression,FPT,74,0.0065208385223943345,0.007514041583065203,0.018417731084785303,0.01884166610810811
Linear Regression,FRT,24,0.007657615199877471,0.009222293662399215,0.016519368509761937,0.018209139541666666
Linear Regression,FTS,30,0.008346437236001902,0.010983241562787193,0.021687978537132294,0.02120590203333334
Linear Regression,GAS,38,0.0059397976308549994,0.008039223199721722,0.015464747361348593,0.012712227671052631
Linear Regression,GEG,22,0.0055786972023878275,0.0065247237697202065,0.016169416019692965,0.017279451590909087
Linear Regression,GEX,41,0.011567934527754259,0.015726604563119417,0.03136492963516852,0.02713952417073171
Linear Regression,GMD,35,0.005703461968757231,0.00735638665651633,0.019711395233337318,0.01916514814285714
Linear Regression,GVR,23,0.00795461826221765,0.011034866353846763,0.02184238122857132,0.02056113543478261
Linear Regression,HAH,46,0.007588196799960305,0.010034362222189463,0.02286884798060937,0.02255717563043478
Linear Regression,HCM,197,0.00815706186286443,0.009338505667945798,0.01944448340088502,0.02113148643147208
Linear Regression,HDB,123,0.009990964426012218,0.013446970541536315,0.024143592575640648,0.019664066601626017
Linear Regression,HDG,22,0.00980816326479001,0.012827076696951887,0.03331156616861167,0.02853055431818182
Linear Regression,HHV,35,0.0069514234879265654,0.008574249260656,0.023008519291345522,0.022977338571428575
Linear Regression,HPG,49,0.005702650576971591,0.006724161231352773,0.019528099962947267,0.019827356081632653
Linear Regression,HSG,28,0.009499770383430478,0.010447968218683521,0.014155764199261092,0.01956578667857143
Linear Regression,IDI,15,0.007154456297133321,0.008402061895033524,0.01611659570286668,0.023271052000000004
Linear Regression,IJC,95,0.004885175561341465,0.006019975072234967,0.021944307094733915,0.02210980465263157
Linear Regression,IMP,16,0.007164508967358513,0.009054042138068544,0.01466846957919184,0.014844417624999998
Linear Regression,JVC,47,0.014311138495570955,0.015705480357425212,0.027190391093175413,0.02201900068085106
Linear Regression,KBC,38,0.007097128036949084,0.009055175344215136,0.024181161884610544,0.022107827105263156
Linear Regression,KDC,52,0.006264322880732824,0.009267302535939919,0.012355966068123635,0.011905119942307692
Linear Regression,KDH,90,0.009955763948569249,0.011185373653401132,0.02245367867872114,0.02358239482222222
Linear Regression,LCG,29,0.016182674093484787,0.019784242606601946,0.03151400377652763,0.02115834989655173
Linear Regression,LPB,89,0.008415080843578343,0.010991085261309557,0.021081763361528307,0.01836549566292135
Linear Regression,LTG,6,0.0043588917091320345,0.004401628317291364,0.0091240843757987,0.004765192666666667
Linear Regression,MBB,113,0.008030694528023156,0.009790709834651011,0.01964542895670877,0.01651787546017699
Linear Regression,MSB,197,0.008824686645041734,0.011572613020052604,0.021826389626254702,0.018936709068527915
Linear Regression,MSN,86,0.006723100026730122,0.009468453972859127,0.019276200717878153,0.01843011102906977
Linear Regression,MWG,53,0.007578345745234417,0.0094452661384465,0.02063988012103535,0.017713942528301885
Linear Regression,NKG,21,0.0064111290427410665,0.007131605913688271,0.02361742775177667,0.024652481
Linear Regression,NLG,83,0.00911060789410302,0.01174864989671639,0.027815092388675102,0.023058420216867475
Linear Regression,NT2,11,0.00798306687018492,0.010448838425237725,0.023676105097613517,0.017462123363636364
Linear Regression,NTL,31,0.006959724371957416,0.010260744410339086,0.023941339714632838,0.02095905419354838
Linear Regression,OCB,113,0.008473962434145181,0.011963743477553742,0.01928265971766236,0.01744866165044248
Linear Regression,ORS,63,0.010926816807196872,0.013443508395852942,0.029841333539003388,0.026237427301587297
Linear Regression,PAN,50,0.00965633597629884,0.010720663071262241,0.019282385390251826,0.0195318222
Linear Regression,PC1,43,0.009258484249391902,0.011012663886923726,0.023629851357708093,0.02408732925581395
Linear Regression,PDR,146,0.009365116653258558,0.011301860706164577,0.029843578676450693,0.026152532267123284
Linear Regression,PGV,21,0.0069678254910694615,0.00915409126095546,0.010075806928355004,0.01589775088095238
Linear Regression,PHR,26,0.0071713644106731235,0.008054743741584491,0.01404464671101703,0.0195474625
Linear Regression,PLX,38,0.004209771660118324,0.005126243501737284,0.014238528061756125,0.012480786065789473
Linear Regression,PNJ,71,0.004937268850829085,0.008190907397242339,0.011517998500084331,0.013297631704225352
Linear Regression,POW,36,0.0068351504436115155,0.009485314120234489,0.020491466029650605,0.01650333411111111
Linear Regression,PPC,10,0.0033362613324796698,0.0036841485244039633,0.0076609022216870895,0.009186172449999998
Linear Regression,PVD,68,0.006273645560545986,0.008259697717295142,0.02004692270694406,0.01834633764705882
Linear Regression,PVS,19,0.01187330647796999,0.012746328329593801,0.018216073684590387,0.019084127315789474
Linear Regression,QNS,64,0.003661510556561108,0.004717728255990268,0.005938639998930698,0.009227126843749999
Linear Regression,REE,48,0.004409004764764781,0.00555310807588913,0.011371248207675863,0.013422965958333333
Linear Regression,SAB,18,0.004757128344900605,0.005748982542347962,0.007538167061284149,0.011324034861111111
Linear Regression,SCR,23,0.009389877895016033,0.010987155724780257,0.023445139639079533,0.025614199434782613
Linear Regression,SCS,15,0.0043025348506516735,0.004835344531812634,0.011391277176638409,0.013159561133333334
Linear Regression,SGN,39,0.006554330677998494,0.00700315766164224,0.0060099917702758476,0.011037679766666664
Linear Regression,SHB,115,0.00622682145337493,0.008259454740488892,0.0203587345697957,0.02006421292173913
Linear Regression,SIP,34,0.004982411430291455,0.0067707526008267925,0.017667558509856435,0.020096778941176473
Linear Regression,SSB,156,0.008970472783888054,0.012634688755671853,0.019876637654259562,0.018494300358974362
Linear Regression,SSI,85,0.007366753863190388,0.008758974140882081,0.025628579353146653,0.023421837388235292
Linear Regression,STB,75,0.011038729223024018,0.01370431029612705,0.025151823653529033,0.018451156639999997
Linear Regression,SZC,70,0.005856055036292653,0.007273031517377751,0.016812298061060004,0.018874795085714283
Linear Regression,TCB,115,0.00589107513694036,0.007690310412811543,0.019002729727198197,0.01749516375652174
Linear Regression,TPB,221,0.004529607587908317,0.007317005887408618,0.019890625076157697,0.018917920868778283
Linear Regression,TRA,20,0.00473721731293072,0.0055113861074416095,0.00701006292365485,0.011134338280000001
Linear Regression,VCB,59,0.0060906936061510845,0.007186144065039473,0.013784048573697983,0.0125315715
Linear Regression,VCG,47,0.007914468085102605,0.009326229430643623,0.018613462772299597,0.020608699063829783
Linear Regression,VCI,143,0.00753981641786386,0.008787453037096365,0.022759725919344997,0.021800247895104895
Linear Regression,VGI,16,0.005748102213969163,0.0069850190539628276,0.018937476386781747,0.0218905211875
Linear Regression,VHC,28,0.00828725327391064,0.009621928223200212,0.01844182954768513,0.018162999928571434
Linear Regression,VHM,54,0.011333651608754502,0.01487942714732494,0.026194923807418415,0.02315697841666666
Linear Regression,VIB,70,0.006994067325894629,0.010564550522354292,0.01854755140042727,0.016403198221428567
Linear Regression,VIC,112,0.009983133997839498,0.012473228555185477,0.02886247833625277,0.024586694580357144
Linear Regression,VIX,36,0.009269802705939894,0.01055191602466926,0.028926329790717964,0.03216324922222222
Linear Regression,VJC,47,0.011760076124660759,0.014083919030257554,0.02636591206364171,0.02284812917021277
Linear Regression,VND,82,0.009484421455286832,0.011421990911824774,0.025529703704594807,0.026469974865853656
Linear Regression,VNM,56,0.005558864487462948,0.007087115819119093,0.015398631196668598,0.015744243348214285
Linear Regression,VPB,97,0.014878462922594381,0.01909767768226289,0.031542584943325826,0.023992833463917528
Linear Regression,VRE,46,0.010750417810366958,0.01246914089340896,0.029299631441497893,0.026575171434782604
Linear Regression,VSC,48,0.014029408670351623,0.015794426616433474,0.04013718874193722,0.031160632666666663
Linear Regression,VTP,19,0.00689532149278637,0.008386164909818774,0.022433776261382946,0.01859915886842105
Random Forest,AAA,22,0.006222622314706186,0.0082812308955386,0.016673358030278532,0.020033886681818183
Random Forest,ABB,150,0.007844646144076225,0.010020741312524022,0.02359662706653273,0.021872195226666665
Random Forest,ACB,139,0.008139426235570322,0.011088957313452346,0.013893282116330405,0.015488280600719422
Random Forest,ACL,15,0.01496930605418209,0.019865709273673406,0.025990187066296713,0.015428369599999997
Random Forest,ACV,30,0.006303610230079375,0.007067256734385646,0.014063618953029258,0.015463328249999997
Random Forest,AGG,33,0.007916081917843692,0.008727409120562156,0.015822680977483544,0.02079302893939394
Random Forest,AGR,26,0.016261524669367575,0.021160855063126413,0.03193087589282252,0.02216797388461539
Random Forest,ANV,18,0.00856256950192067,0.01023388701364951,0.028068463473270282,0.025390848388888887
Random Forest,APH,12,0.006174193588838375,0.008090967385726313,0.015238300043468642,0.015732202833333334
Random Forest,AST,15,0.006480728340230727,0.008445759209408625,0.016535519498089915,0.018504515133333333
Random Forest,BAF,34,0.006466517411142193,0.009166329679619297,0.01166851770625827,0.012728125735294117
Random Forest,BCM,104,0.007647288698842545,0.0097433831908909,0.013754381574332104,0.01624495958653846
Random Forest,BFC,14,0.008824614809822584,0.009945425433258962,0.01677499841233444,0.016685954357142856
Random Forest,BID,147,0.005429709730186986,0.007021471787428143,0.01542633287228487,0.014718839306122453
Random Forest,BMP,17,0.014354061882903123,0.017387832579521575,0.020044542739496466,0.019488342352941175
Random Forest,BSI,40,0.0070148058964349,0.00933718148686078,0.020849076542071947,0.0197309345125
Random Forest,BSR,122,0.012349012950119044,0.016378506499058004,0.028341534589493567,0.02451511118032787
Random Forest,BWE,60,0.00524244655038138,0.006627153995241803,0.01076264783429598,0.013087362924999997
Random Forest,C4G,20,0.003429711344613955,0.004131985796842491,0.01914835702627892,0.022350861650000005
Random Forest,CMG,30,0.004986318555368347,0.005856055807861452,0.016959746244053,0.018083936966666665
Random Forest,CRE,42,0.0109642574184239,0.013251656654650985,0.03119663463994147,0.023590964476190475
Random Forest,CSV,35,0.008253215707048286,0.00995703888889836,0.019796141609549463,0.019337447457142852
Random Forest,CTD,48,0.009855903537780956,0.012802804677675264,0.023753221884059355,0.0199026920625
Random Forest,CTG,113,0.00787936277512897,0.00917667779321896,0.01768970522469118,0.015939281486725663
Random Forest,CTS,96,0.008709086352801073,0.011386041527979122,0.029397522041108404,0.023452927666666665
Random Forest,DBC,34,0.005510573061514614,0.007216935478987868,0.01732885391752722,0.019194934676470588
Random Forest,DBD,32,0.004424162558017597,0.0052143603040177705,0.006282077105424784,0.00986279419375
Random Forest,DCM,20,0.00609126319918316,0.008851196265177812,0.020234979363158302,0.0188689888
Random Forest,DGC,34,0.00931362580997583,0.011515301090384034,0.01971978472326602,0.019422531455882353
Random Forest,DGW,55,0.008179591569494132,0.010327689796726483,0.02320613246411081,0.020649352472727273
Random Forest,DHG,10,0.00614514098003824,0.00715982198628614,0.00850917657371606,0.008275924490000001
Random Forest,DIG,146,0.009847624090972928,0.012725465636971852,0.03343562774156051,0.02643222285616438
Random Forest,DMC,18,0.005116472952535623,0.005517573878911703,0.007250579746646978,0.012264380555555556
Random Forest,DPG,55,0.0070873532426636195,0.008545958298395415,0.024710472097450985,0.023090497909090898
Random Forest,DPM,77,0.006463277642665643,0.008192516189424784,0.017930137066097963,0.017963122240259737
Random Forest,DXG,121,0.014466474340308687,0.016977530260568644,0.033914397817012644,0.02571889318181818
Random Forest,EIB,36,0.009021857971923342,0.011006352667659949,0.024024728478656828,0.02207861730555556
Random Forest,ELC,31,0.007680079573940933,0.00851365807605796,0.012348696604491196,0.015811618580645163
Random Forest,FCN,21,0.005965942246069603,0.008557079459997232,0.024439580561149647,0.024262414952380955
Random Forest,FMC,14,0.0038447456946407925,0.004331639568234675,0.009778602198431479,0.011784953735714285
Random Forest,FOX,20,0.013542322874434309,0.013826312913353307,0.017639097152277784,0.020253955400000002
Random Forest,FPT,74,0.00668264242994349,0.007633656537865389,0.018417731084785303,0.018761766554054055
Random Forest,FRT,24,0.009605850488910028,0.011435658175413763,0.016519368509761937,0.0213104361875
Random Forest,FTS,30,0.007419656983960529,0.010674487133235096,0.021687978537132294,0.019282693966666663
Random Forest,GAS,38,0.0061715342909178465,0.008101698693132634,0.015464747361348593,0.013608641355263159
Random Forest,GEG,22,0.005937987907271409,0.006853965185223279,0.016169416019692965,0.018031077772727274
Random Forest,GEX,41,0.012207568159308565,0.015589263732681916,0.03136492963516852,0.02793105531707317
Random Forest,GMD,35,0.005196763414792996,0.00709646633627332,0.019711395233337318,0.019508886885714286
Random Forest,GVR,23,0.007023149346323755,0.010973907966388901,0.02184238122857132,0.018917070304347826
Random Forest,HAH,46,0.007704957937793984,0.010162392936797032,0.02286884798060937,0.022306141239130436
Random Forest,HCM,197,0.008434172629026768,0.009936266537108525,0.01944448340088502,0.020071478060913705
Random Forest,HDB,123,0.010179259283089843,0.013853108819268913,0.024143592575640648,0.020883114878048777
Random Forest,HDG,22,0.010154465930276163,0.0129651636463656,0.03331156616861167,0.02704073136363637
Random Forest,HHV,35,0.007729283253544428,0.00897816048743277,0.023008519291345522,0.022825361714285716
Random Forest,HPG,49,0.006003779811599568,0.007426844503879294,0.019528099962947267,0.017966475857142856
Random Forest,HSG,28,0.008276460312001908,0.009492224135181658,0.014155764199261092,0.017988791464285718
Random Forest,IDI,15,0.006616443590875906,0.007152388224077317,0.01611659570286668,0.02186650266666667
Random Forest,IJC,95,0.004377322756078305,0.00587344586701307,0.021944307094733915,0.021437925678947367
Random Forest,IMP,16,0.007359216561108513,0.009623211138071252,0.01466846957919184,0.014048912968749999
Random Forest,JVC,47,0.01289620312762537,0.01443781062689555,0.027190391093175413,0.021190492553191487
Random Forest,KBC,38,0.007819661493489595,0.009420214904162446,0.024181161884610544,0.023066720868421053
Random Forest,KDC,52,0.00624053454014572,0.009048941576157637,0.012355966068123635,0.011741999923076922
Random Forest,KDH,90,0.00989951535968036,0.01104261947826462,0.02245367867872114,0.02399342061111111
Random Forest,LCG,29,0.016702618397459856,0.020216430684567136,0.03151400377652763,0.020194121293103447
Random Forest,LPB,89,0.008373700982712465,0.010722577251430462,0.021081763361528307,0.01800696811797753
Random Forest,LTG,6,0.000984943625266234,0.0014789028718127663,0.0091240843757987,0.0098358465
Random Forest,MBB,113,0.007659309595766056,0.00943697037643831,0.01964542895670877,0.016560581234513275
Random Forest,MSB,197,0.008050240869240671,0.010786964725392794,0.021826389626254702,0.019295008177664975
Random Forest,MSN,86,0.006612053452574181,0.009154575205524864,0.019276200717878153,0.019079716715116282
Random Forest,MWG,53,0.007938360537687247,0.009438707413734967,0.02063988012103535,0.019755702981132075
Random Forest,NKG,21,0.006276904260541382,0.006645148382006669,0.02361742775177667,0.02351142219047619
Random Forest,NLG,83,0.009068228176115288,0.011615539789623965,0.027815092388675102,0.02370959022891566
Random Forest,NT2,11,0.007573423669053192,0.009987682095169446,0.023676105097613517,0.018116859363636367
Random Forest,NTL,31,0.006486208623079925,0.009896396360308668,0.023941339714632838,0.02058290516129032
Random Forest,OCB,113,0.0085313585252142,0.011462444345183759,0.01928265971766236,0.018496606265486725
Random Forest,ORS,63,0.009653598124928421,0.012856376577304079,0.029841333539003388,0.026199246063492065
Random Forest,PAN,50,0.00930579815629884,0.010168445953182184,0.019282385390251826,0.01999332398
Random Forest,PC1,43,0.009120699389560645,0.011229947688894697,0.023629851357708093,0.023159911139534882
Random Forest,PDR,146,0.01005099961217788,0.011474773403688895,0.029843578676450693,0.026705048246575342
Random Forest,PGV,21,0.0069690243160063,0.008601218951816132,0.010075806928355004,0.01659443364285714
Random Forest,PHR,26,0.006535688064519276,0.00741903323404869,0.01404464671101703,0.018092411846153844
Random Forest,PLX,38,0.0043869116512122285,0.005142595610282606,0.014238528061756125,0.012865112736842104
Random Forest,PNJ,71,0.00640454518598397,0.00888358719019454,0.011517998500084331,0.015173868859154933
Random Forest,POW,36,0.007294170821104958,0.009349478666479281,0.020491466029650605,0.017722127249999994
Random Forest,PPC,10,0.00389528971247967,0.004421197632237756,0.0076609022216870895,0.010029056770000001
Random Forest,PVD,68,0.006322247062759632,0.008237868512698868,0.02004692270694406,0.018949635338235293
Random Forest,PVS,19,0.012269505635864727,0.013614484541839762,0.018216073684590387,0.021904998368421053
Random Forest,QNS,64,0.003937301053852301,0.004387551037027619,0.005938639998930698,0.009471983156249999
Random Forest,REE,48,0.004625255766034782,0.005876733803785604,0.011371248207675863,0.013769546656250001
Random Forest,SAB,18,0.004086667717236372,0.004894820112313676,0.007538167061284149,0.011089702249999998
Random Forest,SCR,23,0.010399593343876449,0.012504838757276497,0.023445139639079533,0.02695026104347826
Random Forest,SCS,15,0.00434244154255942,0.004731180201464249,0.011391277176638409,0.013423200733333335
Random Forest,SGN,39,0.0064086026710503995,0.007005252295830033,0.0060099917702758476,0.010680310028205128
Random Forest,SHB,115,0.00662166444697107,0.008627058625764518,0.0203587345697957,0.021627084160869562
Random Forest,SIP,34,0.004676648194997337,0.006770637993687834,0.017667558509856435,0.01971400294117647
Random Forest,SSB,156,0.009040108174822268,0.012462903551732924,0.019876637654259562,0.01834343096153846
Random Forest,SSI,85,0.007588077844656013,0.008941486667471805,0.025628579353146653,0.02312395828235294
Random Forest,STB,75,0.011905248029477546,0.014562292534491024,0.025151823653529033,0.018133078466666668
Random Forest,SZC,70,0.005318033678695498,0.006979254744592974,0.016812298061060004,0.019365404264285714
Random Forest,TCB,115,0.00657022704915674,0.008327269747578641,0.019002729727198197,0.01717199495217391
Random Forest,TPB,221,0.004503037244030159,0.006599435735036705,0.019890625076157697,0.01909770385520362
Random Forest,TRA,20,0.004851776664429231,0.0054226982089590385,0.00701006292365485,0.0111141699
Random Forest,VCB,59,0.006170875322571015,0.007165220400029166,0.013784048573697983,0.0129689456440678
Random Forest,VCG,47,0.008231543131597189,0.009532662316025071,0.018613462772299597,0.01984755268085106
Random Forest,VCI,143,0.007681387787793485,0.009230363758606272,0.022759725919344997,0.021476684000000003
Random Forest,VGI,16,0.006364660842444213,0.007260485839700249,0.018937476386781747,0.0203912369375
Random Forest,VHC,28,0.00827223016676778,0.009381952687857699,0.01844182954768513,0.018749344035714287
Random Forest,VHM,54,0.010649053260962368,0.014293509136213071,0.026194923807418415,0.022551270833333335
Random Forest,VIB,70,0.0075032551353085225,0.010695720348811036,0.01854755140042727,0.01627334899285714
Random Forest,VIC,112,0.009257745158379441,0.011920596082002691,0.02886247833625277,0.02573361366964286
Random Forest,VIX,36,0.008028394870569727,0.009579815037172253,0.028926329790717964,0.03066985083333333
Random Forest,VJC,47,0.010853622400874346,0.013095577705893648,0.02636591206364171,0.02461293293617021
Random Forest,VND,82,0.008916923383160514,0.010984385194092835,0.025529703704594807,0.026199884695121953
Random Forest,VNM,56,0.005782608914168446,0.007044832961466256,0.015398631196668598,0.016167953026785715
Random Forest,VPB,97,0.013148497392045457,0.016825137149842514,0.031542584943325826,0.0257076042886598
Random Forest,VRE,46,0.012117994614714786,0.013862758816231592,0.029299631441497893,0.025089063978260873
Random Forest,VSC,48,0.013386617607851627,0.015282310033664323,0.04013718874193722,0.03170621860416667
Random Forest,VTP,19,0.0072418533335390205,0.0091906679801743,0.022433776261382946,0.019089602789473685
Rolling Volatility,AAA,22,0.007482179753487678,0.009431940985189707,0.016673358030278532,0.021346812636363642
Rolling Volatility,ABB,150,0.008978977451802962,0.011361796366637117,0.02359662706653273,0.029186834306666666
Rolling Volatility,ACB,139,0.008249342224030738,0.011150436548487793,0.013893282116330405,0.016258999381294964
Rolling Volatility,ACL,15,0.017626451054182087,0.02162915831193926,0.025990187066296713,0.016659363
Rolling Volatility,ACV,30,0.006461911597721711,0.007580736603178536,0.014063618953029258,0.015416907233333332
Rolling Volatility,AGG,33,0.009499772432995206,0.010441253450201915,0.015822680977483544,0.02256024296969697
Rolling Volatility,AGR,26,0.015606213630906038,0.01776173879961024,0.03193087589282252,0.02708655930769231
Rolling Volatility,ANV,18,0.009268937568472427,0.010847901269602988,0.028068463473270282,0.031980331
Rolling Volatility,APH,12,0.005808485160447542,0.00857363591162278,0.015238300043468642,0.014749379583333333
Rolling Volatility,AST,15,0.007733428606897393,0.009880810611537666,0.016535519498089915,0.020738035533333334
Rolling Volatility,BAF,34,0.007005914209977794,0.010025074757145591,0.01166851770625827,0.011873866185294119
Rolling Volatility,BCM,104,0.008502374809770199,0.010437644350104407,0.013754381574332104,0.016378645629807696
Rolling Volatility,BFC,14,0.010833239881251155,0.011927339205216832,0.01677499841233444,0.01833925542857143
Rolling Volatility,BID,147,0.004897424729835875,0.00723949137958947,0.01542633287228487,0.01642096888435374
Rolling Volatility,BMP,17,0.016049085216743027,0.01873604540350557,0.020044542739496466,0.02132215023529412
Rolling Volatility,BSI,40,0.008297043888253239,0.010968767729149492,0.020849076542071947,0.02210627315
Rolling Volatility,BSR,122,0.015580924035450394,0.018496764343163365,0.028341534589493567,0.029988096196721308
Rolling Volatility,BWE,60,0.005241221042048047,0.0068033237443397825,0.01076264783429598,0.012397452633333335
Rolling Volatility,C4G,20,0.006770501640228214,0.0072270832499349204,0.01914835702627892,0.025638701049999997
Rolling Volatility,CMG,30,0.004157042307512273,0.005600191565071249,0.016959746244053,0.01905594383333333
Rolling Volatility,CRE,42,0.009750819472387526,0.012083434045543238,0.03119663463994147,0.027771765238095235
Rolling Volatility,CSV,35,0.009892819802867816,0.011281377749599825,0.019796141609549463,0.021314869228571426
Rolling Volatility,CTD,48,0.011377860793700836,0.014319980794361612,0.023753221884059355,0.022623118104166662
Rolling Volatility,CTG,113,0.008005625567762721,0.009381619431651273,0.01768970522469118,0.020256883827433625
Rolling Volatility,CTS,96,0.007872871979729997,0.00985921844019245,0.029397522041108404,0.02945933873958333
Rolling Volatility,DBC,34,0.006862787297329573,0.008317848243806157,0.01732885391752722,0.02205851113235294
Rolling Volatility,DBD,32,0.0032304667137150593,0.004282338918540488,0.006282077105424784,0.0073221015687499995
Rolling Volatility,DCM,20,0.0073861862742401006,0.009864999069851976,0.020234979363158302,0.022370776099999996
Rolling Volatility,DGC,34,0.00966410582468171,0.011727439917338007,0.01971978472326602,0.020233247529411764
Rolling Volatility,DGW,55,0.008420230775845729,0.010308675791359525,0.02320613246411081,0.024722698054545442
Rolling Volatility,DHG,10,0.00627449246993082,0.008535228718160311,0.00850917657371606,0.00492499696
Rolling Volatility,DIG,146,0.008736571356327359,0.010491186213082636,0.03343562774156051,0.032503666472602735
Rolling Volatility,DMC,18,0.004626846341424511,0.0049223943244637155,0.007250579746646978,0.011323346277777778
Rolling Volatility,DPG,55,0.007634264675567561,0.009390078501671563,0.024710472097450985,0.02855572041818182
Rolling Volatility,DPM,77,0.0077363840312214445,0.009648330032077435,0.017930137066097963,0.020245324915584416
Rolling Volatility,DXG,121,0.013591941156999658,0.015468577124584956,0.033914397817012644,0.029945384818181816
Rolling Volatility,EIB,36,0.009225065402758918,0.011051748203040496,0.024024728478656828,0.027278257583333333
Rolling Volatility,ELC,31,0.007648702250352287,0.008522620642107289,0.012348696604491196,0.01577110708064516
Rolling Volatility,FCN,21,0.009123227143758081,0.010561101469458923,0.024439580561149647,0.028871883714285708
Rolling Volatility,FMC,14,0.003870804482263436,0.004312409113065077,0.009778602198431479,0.009684543649999999
Rolling Volatility,FOX,20,0.016507916374434307,0.016822751090203845,0.017639097152277784,0.0215937462
Rolling Volatility,FPT,74,0.0077118475024703145,0.00870956459229529,0.018417731084785303,0.020345899371621623
Rolling Volatility,FRT,24,0.00942234443796553,0.011320779093648266,0.016519368509761937,0.020399034958333333
Rolling Volatility,FTS,30,0.009974965867061045,0.012421909380703424,0.021687978537132294,0.022157481099999998
Rolling Volatility,GAS,38,0.006058069761011289,0.008418781312209142,0.015464747361348593,0.012790479763157891
Rolling Volatility,GEG,22,0.00840905334937818,0.009330452466350905,0.016169416019692965,0.020898419295454544
Rolling Volatility,GEX,41,0.015128719374451743,0.017582584117236347,0.03136492963516852,0.03516179248780488
Rolling Volatility,GMD,35,0.004974789901346317,0.0074345129991365555,0.019711395233337318,0.0219798218
Rolling Volatility,GVR,23,0.00991591919434673,0.012686940727821752,0.02184238122857132,0.021543932021739133
Rolling Volatility,HAH,46,0.009780138011016282,0.012149011851395719,0.02286884798060937,0.0267704852826087
Rolling Volatility,HCM,197,0.008990681096131723,0.010104150373185043,0.01944448340088502,0.022144712126903554
Rolling Volatility,HDB,123,0.011424329719213804,0.013923538265618887,0.024143592575640648,0.025579746325203254
Rolling Volatility,HDG,22,0.008646298485784727,0.011093959446853234,0.03331156616861167,0.034609828818181816
Rolling Volatility,HHV,35,0.008092458385142989,0.010083664533359476,0.023008519291345522,0.025743121399999996
Rolling Volatility,HPG,49,0.006200073197946575,0.0073252064150896605,0.019528099962947267,0.020331754081632653
Rolling Volatility,HSG,28,0.01040699531200191,0.011912550954973646,0.014155764199261092,0.019945051821428566
Rolling Volatility,IDI,15,0.010321857657542571,0.012025030324933848,0.01611659570286668,0.026362247933333336
Rolling Volatility,IJC,95,0.0063902591132007575,0.007428321863085573,0.021944307094733915,0.02618959904210526
Rolling Volatility,IMP,16,0.007923011130311288,0.010160313569224005,0.01466846957919184,0.0141922744375
Rolling Volatility,JVC,47,0.014577710814719891,0.016000855568919763,0.027190391093175413,0.02672579623404256
Rolling Volatility,KBC,38,0.007787932056309105,0.00947051780758766,0.024181161884610544,0.026616836552631577
Rolling Volatility,KDC,52,0.007054128792052487,0.010292801440000372,0.012355966068123635,0.010353837926923078
Rolling Volatility,KDH,90,0.011317915659680362,0.012659159215169151,0.02245367867872114,0.027489089244444445
Rolling Volatility,LCG,29,0.016164262748657204,0.019243294111441746,0.03151400377652763,0.022738742068965524
Rolling Volatility,LPB,89,0.00871379267508327,0.011396127889381652,0.021081763361528307,0.022446797910112358
Rolling Volatility,LTG,6,0.0091240843757987,0.009124084375798702,0.0091240843757987,0.0
Rolling Volatility,MBB,113,0.008734618168825767,0.010160634200625851,0.01964542895670877,0.019859620588495577
Rolling Volatility,MSB,197,0.009075562064433352,0.011378981864425146,0.021826389626254702,0.023447311715736035
Rolling Volatility,MSN,86,0.007228063775419325,0.009964522174863153,0.019276200717878153,0.02116024877906977
Rolling Volatility,MWG,53,0.008679173783486384,0.009937948306801569,0.02063988012103535,0.02186481944339622
Rolling Volatility,NKG,21,0.006763794199726126,0.008438464080920399,0.02361742775177667,0.027579104857142857
Rolling Volatility,NLG,83,0.009082780637024357,0.010876177026941514,0.027815092388675102,0.02768156208433735
Rolling Volatility,NT2,11,0.006424914324730374,0.008353120852126843,0.023676105097613517,0.01980698009090909
Rolling Volatility,NTL,31,0.006325702776503357,0.010124407019291225,0.023941339714632838,0.022766218322580644
Rolling Volatility,OCB,113,0.010266386088422145,0.01296466012642723,0.01928265971766236,0.02212769138495575
Rolling Volatility,ORS,63,0.010367865316814237,0.012986959560737279,0.029841333539003388,0.030339020015873016
Rolling Volatility,PAN,50,0.009130688556298843,0.010503688770600383,0.019282385390251826,0.02243814614
Rolling Volatility,PC1,43,0.01094895236176646,0.012025136123633718,0.023629851357708093,0.02794615579069767
Rolling Volatility,PDR,146,0.009858774259505959,0.011536190251262663,0.029843578676450693,0.031214146150684928
Rolling Volatility,PGV,21,0.010447976071644997,0.013137446500347566,0.010075806928355004,0.020523783
Rolling Volatility,PHR,26,0.008997345102980817,0.009725375246273047,0.01404464671101703,0.02041846957692308
Rolling Volatility,PLX,38,0.004666360569259883,0.005441995777608519,0.014238528061756125,0.01229724060526316
Rolling Volatility,PNJ,71,0.006404856068955504,0.009456122863662209,0.011517998500084331,0.015179567309859159
Rolling Volatility,POW,36,0.007381238629544114,0.009190432780446135,0.020491466029650605,0.019754254111111105
Rolling Volatility,PPC,10,0.00324880502326921,0.004110983824494414,0.0076609022216870895,0.00670771498
Rolling Volatility,PVD,68,0.006491985414225008,0.008513856513546945,0.02004692270694406,0.02203771644117647
Rolling Volatility,PVS,19,0.012142447372706833,0.013630161574737698,0.018216073684590387,0.023459742421052632
Rolling Volatility,QNS,64,0.0022435724682277826,0.002802396395822144,0.005938639998930698,0.005997169324999999
Rolling Volatility,REE,48,0.004661839233424506,0.0058541891072028856,0.011371248207675863,0.0130457483125
Rolling Volatility,SAB,18,0.003831900446055782,0.004005608452745077,0.007538167061284149,0.008520293155555555
Rolling Volatility,SCR,23,0.009431916956343517,0.012264475951593875,0.023445139639079533,0.03011342108695653
Rolling Volatility,SCS,15,0.005590010485001606,0.005830336267796123,0.011391277176638409,0.012766482933333333
Rolling Volatility,SGN,39,0.00511859961231398,0.005546472355800806,0.0060099917702758476,0.007942263682051282
Rolling Volatility,SHB,115,0.008671973525269801,0.010846697774815802,0.0203587345697957,0.025904232808695655
Rolling Volatility,SIP,34,0.005666822738064331,0.007552222110149952,0.017667558509856435,0.022404436382352944
Rolling Volatility,SSB,156,0.00958666764248851,0.013217862733743646,0.019876637654259562,0.022742171916666668
Rolling Volatility,SSI,85,0.007076036887231499,0.008630838376046493,0.025628579353146653,0.025887551305882363
Rolling Volatility,STB,75,0.011079049632218842,0.012605706193999252,0.025151823653529033,0.023151939106666665
Rolling Volatility,SZC,70,0.007066761375074377,0.008476600256859883,0.016812298061060004,0.021327580600000003
Rolling Volatility,TCB,115,0.006424352043552399,0.008801246989802064,0.019002729727198197,0.021254950826086957
Rolling Volatility,TPB,221,0.006488565352050601,0.00827590789701725,0.019890625076157697,0.024054070714932128
Rolling Volatility,TRA,20,0.0028493794403372796,0.0034986264507944898,0.00701006292365485,0.006648103885000001
Rolling Volatility,VCB,59,0.005874646089177884,0.007370188687509302,0.013784048573697983,0.01358832250677966
Rolling Volatility,VCG,47,0.00941565481992198,0.010966375287103923,0.018613462772299597,0.022845727680851066
Rolling Volatility,VCI,143,0.008498246178286206,0.009638673691564915,0.022759725919344997,0.02338378686713287
Rolling Volatility,VGI,16,0.007320651401469163,0.009000665858571275,0.018937476386781747,0.02359220275
Rolling Volatility,VHC,28,0.009848977515271857,0.010979703727349289,0.01844182954768513,0.021012780285714284
Rolling Volatility,VHM,54,0.011828903115389467,0.014556439787437913,0.026194923807418415,0.02714364488888889
Rolling Volatility,VIB,70,0.007820008457857434,0.010802963256140856,0.01854755140042727,0.019454260428571436
Rolling Volatility,VIC,112,0.010133246244383273,0.012802591197291708,0.02886247833625277,0.03032259379464286
Rolling Volatility,VIX,36,0.013914908179018312,0.015630212373172324,0.028926329790717964,0.03871219027777778
Rolling Volatility,VJC,47,0.011746141785576869,0.014012819002836586,0.02636591206364171,0.02900174222340426
Rolling Volatility,VND,82,0.011775727091269013,0.012687765892281605,0.025529703704594807,0.030657369804878043
Rolling Volatility,VNM,56,0.005957695856337068,0.007379340264715496,0.015398631196668598,0.017011526482142856
Rolling Volatility,VPB,97,0.013833073924679038,0.01805261367130796,0.031542584943325826,0.03181414406185567
Rolling Volatility,VRE,46,0.011935945007501399,0.014220559521165943,0.029299631441497893,0.03045397447826088
Rolling Volatility,VSC,48,0.01048522357630812,0.013224154415752648,0.04013718874193722,0.041392919187499995
Rolling Volatility,VTP,19,0.006416688333539022,0.008629396487778001,0.022433776261382946,0.020928711157894738
